address,x,y,z
0x76f69dcddd0593b0aff5fd3280c3433ddb68e0d2,0.0385,0.0175,0.021
0x1bc5ebee4738fd95bd96751c45a90889f772e0f3,0.8194,0.0804,0.2572
0x3812801cbf0e41413db4835a5e36228ad45e32bf,0.1235,0.0679,0.0556
0x8f8a255c64ec0109092674a7219f4d10f625e788,0.0481,0.0277,0.034
0x5e280efdb4dc45ec4aa73494f78b89a21741a9ba,0.2874,0.0947,0.1239
0xdffe6d135e4396f90ba66a1024bdeb6ef5df9276,0.0233,0.0125,0.0089
0xe9034bcd20119ee7563d145dc817820690afd5fb,1.5519,0.2194,0.3457
0xdcdbd2b5ca6430b2456850cbd2c164413852381a,0.2599,0.1164,0.1206
0x88f74515cb136609eaa538f71c0e7dadd537d594,0.5379,0.0681,0.1998
0x2342e0debeffc7765ed5e771e18e96068f38d3a4,0.0342,0.0342,0.0085
0xeab97b2face269870fac5b576fca9fecb78f85f6,0.0855,0.0427,0.0256
0x9437fe6385f3551850fd892d471ffbc818cf3116,0.1429,0.0416,0.0501
0x5a756d9c7caa740e0342f755fa8ad32e6f83726b,1.1129,0.3652,0.3433
0x38D3C81F5d5f483C80cD36D592a32F3433a1bb5e,0.0962,0.0502,0.0377
0xfaaa79ed017a66f19bd08161a2ebd215150758c4,0.6715,0.1931,0.3032
0x5ead9c10e4c0cd7d362775c179e1e3f0861706f2,0.5748,0.2152,0.2231
0x5976a68d20b6ae9a6fae2b12babd0ff5b43fa6b4,0.1771,0.0337,0.1
0xf91a41bdfd111763c43c721c93b0d9ec36846fb7,0.2148,0.087,0.0934
0xf738a4f3ebb32849240a4b0c71bad5bea8972689,0.072,0.0436,0.0473
0x367d7b4c93fd52c8d54c34dc5c6341763e9dadf8,0.2163,0.09,0.0606
0xa05f6510f6bbb0e8ba341d5a21669fa9c0deaaf4,0.0496,0.0496,0.0165
0x201b856fe2d5539cbd325cd2c491ca75e4dfa2e7,0.2661,0.1164,0.1268
0x4820deb7bbf154739af8e446032b2647f3efcaf9,0.1614,0.0696,0.0728
0xaa0bd73e75aeef544d80df25790ba307aeea7c08,0.163,0.0944,0.0741
0x5c1c33cd2118179d927255bde59313faca3ed0f0,0.21,0.1279,0.0913
0xe1e20964542e740e496fd5e87e9dba77a073ff6d,0.0683,0.024,0.043
0x616cad18642f45d3fa5fcaad0a2d81764a9cba84,0.6804,0.1587,0.3065
0x63d0f1f6509a42f4e3a96b40ee4ef32a28227c23,0.0085,0.0085,0.0085
0x8ae26c6145a5484c48fd902a9ccb83368a57c01c,0.0984,0.0574,0.0492
0xd9ed76e589e6dad7446e3b40b197243b55d15e28,0.117,0.0637,0.0361
0xde29271b4722e4966cb3aa920ef3c33324a011f7,0.0952,0.0524,0.0429
0x43d936856485c6ff09e05ffdf0a97989a433ab9d,0.4472,0.097,0.1809
0x26d5091bf8353f4553dff080d6687d434dfb6408,0.122,0.0439,0.0683
0x5f245170e887c019eafbe26da1f9daff1a618edd,0.0855,0.0311,0.0594
0x029a5c7a8d6411100dbdf195643ea04d2ec12fc9,0.0571,0.0228,0.0297
0x7b63525bd0c9b6d688344351081bb3ed0fec449e,0.0441,0.0252,0.0328
0xf570fbb739ba6d32ee428e85e3b35d2c5ab4a10b,1.588,0.2292,0.2957
0xD02774f80b3Df8910CB2511749090e948d9496Ad,1.8258,0.0455,0.2045
0x42fb7812297ca741c665b3fd60a9310351d15466,0.2942,0.083,0.1364
0x948be4a76d96a4e6642ee29e230c41b3c1bd279b,0.1717,0.0943,0.0842
0x3c0ee36b520e9fda52840b9c035574bf038e34c5,0.0513,0.0342,0.0256
0xe286b942cce9f9a366c7316b839484b828a0e9ac,0.2648,0.1059,0.1186
0xb17394da9843f5c7be82e5fc93a373d546f9a7f0,0.0171,0.0171,0.0085
0xda12b49d10329520be0ee0fb4084e882b786766f,0.1622,0.062,0.0525
0x9091a482ee4bedd37cc0fcfcb8edc5a6cd462594,0.3525,0.2014,0.1511
0xe0e4651bf9aea3d86edb9619d3834d46c40a4046,0.0492,0.0492,0.0164
0x0a876bb41d9ee2ceeb0c63b9477f2c1a626c6a74,0.1442,0.0962,0.0793
0x4da0a3e9d088bc1dc12bea46ba73c4efc50a14c1,0.0263,0.0263,0.0263
0x6affb24857448a1a6ff6a5a2285b2b3e30d571a5,0.0169,0.0169,0.0169
0xa29fddec9c36bdd680d3f5867735ff8949a7f15d,2.4409,0.3209,0.4107
0x7151e54a3650257a937f2bf4ea78764e8a396be0,0.0256,0.0256,0.0085
0x93f4038b4726b471841cf8919483b08f672d0e9b,0.1269,0.0788,0.0372
0xdfeecea2774b593ba0cd15cf89e489d29e22fb79,0.0427,0.0427,0.0085
0x650b4c89dd2e66e2cc566eda6dc1b25d444c494e,0.1734,0.101,0.0825
0xc3cfbedd9e81c44c8185f253ade67410a01e2ae8,0.0684,0.0342,0.0256
0x75dafcccb668f2293c0d26867bb1af3dbbcfc0d1,0.2603,0.137,0.0959
0x2df9a188fbe231b0dc36d14aceb65defbb049479,0.6545,0.1196,0.2392
0xccfb9010a9d082dda54be56f8f6f4cf4da9ff86f,0.6178,0.0855,0.1695
0xe5d454edfac66803ce96231a20dabce5d3aecc08,0.0085,0.0085,0.0085
0xcd32111c1ea7ddfb1d02fa26e1bb23381c369d88,0.2632,0.0693,0.0893
0x7b6356e3a8958625dfbde74b367b4a86f0645b3d,0.2739,0.0726,0.1122
0xaba92c7ada107feb5b2b9a9e352688ba6791cb05,0.1094,0.0722,0.035
0x05ee92b20265f364620710d8ffb416784e1d18f8,0.2101,0.0938,0.1146
0x01d61286e4b333c2611dac5c5b222bcf3c8c4362,0.0171,0.0171,0.0085
0xf893fff62d084a1aa7659ec6e8a5dad73b14a644,0.0342,0.0256,0.0256
0x24c579948e75590a8b170ccf33614bafb5a1b729,0.1069,0.0249,0.041
0x65b00ae084b3ea230b8b34256b782251c83cbbc5,0.0642,0.0275,0.0298
0x9fb7563a1969f034e8feb83e499c967d31538e86,0.8768,0.1732,0.2278
0xc75534ded4fd4796aa215a96e8e89ec58dfcf78e,0.5883,0.0809,0.2569
0xac80a3bceff5b9c9ecc134bd0a6c58e3d45458f1,0.1557,0.082,0.0656
0xbead8d5fcd29e72fb81ed9514337f7ae48c82fdf,0.3068,0.0603,0.1301
0x2e650e3dbb8ac5afd176e883fb44ea561e0042d9,0.1852,0.101,0.0909
0x50258a2ae0b3065754936828cd7814731c6fc008,0.1863,0.0943,0.1085
0xbe1c6be64ac8cbf2cedbf5b61e583da4408d557b,0.0492,0.0492,0.0164
0x9b5c99b4cb9a33bf93558a3a274cc92563f18269,0.0342,0.0171,0.0085
0x39e5b19ee73bee4115a49f38b97d609d02409392,0.0646,0.0267,0.029
0x996ba29cc8227a4d1714a251a3a914ca452aee74,0.2293,0.1366,0.0976
0xad0fc6ec468b12a52b54f8c4da32487ee679b336,0.2302,0.0463,0.1104
0x32707a8329c1da69a7af1cc1824ab90662c877fa,0.97,0.2325,0.1875
0x43bb1d53dc56d9a4062e2c969796eaa1c9ed72ce,0.2818,0.1073,0.1255
0x3742d43ea36134d336cc17b06eb19e51cd1b3c1b,0.0521,0.0379,0.0379
0x300c4ed7847f02d5b8be914e56823389f8c3b167,0.6074,0.1161,0.1809
0x55135459b85ebd8cca7c357587259090e742f965,0.125,0.0549,0.0795
0xc8690c18895eda1fa1db5b06c098e87085cd42d8,0.0593,0.0424,0.0169
0x290d165fc4f722b64faa3b2e54653b2d547a213a,1.5542,0.1225,0.3313
0x8ca664a85ff4066b96b4a087e85c60b3624ddd44,0.0981,0.034,0.0491
0x075a989ae6f8f37e5cd1ee6600332f51d0f9c80a,0.2213,0.082,0.0902
0xf19d78057c81d62725f9fb035156ee3ab84abb4b,0.0574,0.0574,0.0164
0x0e4d8b21c4ed5c350200e5002916da907cd296d3,0.1949,0.0417,0.0923
0x0d89421d6eec0a4385f95f410732186a2ab45077,0.4767,0.1,0.2317
0xaed4236620813915681935f9bf23159142fc77c7,0.0063,0.0042,0.0042
0xe3156f4f76d8006381ecc04a3240225d8c22f456,0.1798,0.0682,0.1411
0xeec7689e935a0d8c440f9b1d403f0b6305935788,1.7097,0.1582,0.5327
0xe6c81d7f45f0e2d77d691bf9edacf3055e81784b,0.0263,0.0263,0.0263
0x3ffe64ca6e8ae9b1ea9f3e742447132d6b72131d,0.3911,0.1002,0.171
0xfd0842d4d39d08bc5f1dcad0f12f72910ed41b51,0.288,0.208,0.128
0x7cd5de707b57a3fdda92807a41af7f4c3fd8aafc,0.0887,0.0565,0.0323
0xb3a1581b786d724d34377d2a90c6f239887d1908,0.2757,0.1247,0.1087
0xe32bac6e393199bb3881187f4feb52e28e973870,0.1602,0.0616,0.076
0xc693567e1dbb9929c8d9d6ed2714a7e742af3e90,0.2138,0.1212,0.0993
0x155bf1da7e6cb9ce9440b1e4d7c308d2b6ed45f2,0.1601,0.0728,0.0561
0x0dde43f6412896f287ad6a84a58dc3856effa376,0.0427,0.0427,0.0085
0xf2c5a57de6951abf0de673efee4868b436c031e3,0.2036,0.0719,0.0539
0x30fd8320c3c039c20aece01bcea57b39020f62ab,0.0492,0.0492,0.0164
0xf1b645782cc78a82785cdb98f7e77a5e00c9f180,0.0171,0.0171,0.0085
0xeae5242c07f644d694f1490c5041310467f7b69d,0.0176,0.0059,0.0082
0xbec9b892ba40d029d1b81321dc47605ef85195b1,0.374,0.1138,0.0894
0x13c09d63cb28835575e0824527156155ff173a58,0.6667,0.1368,0.2479
0xb4780e71947d6311c20bd6e9a6428fc21099199c,0.1065,0.0775,0.0339
0xbf8e400dac37e88641528503dcc824c3c9e95050,0.6351,0.2464,0.2986
0x7d0e096c7cc8294c6ff344313565d1363f58b136,0.8406,0.1728,0.2999
0xf033585ca637099b65a64611a0599fa2bcd7cdf1,0.0311,0.0248,0.0186
0x32505452ae4a8e48a8745d36c2198eca7f79b148,0.2542,0.1145,0.1128
0x23028e78912e3502aba0b91e2145af02bff93254,0.1592,0.1045,0.0647
0x6dc1a1070aa68139f724701074d2494035f5084e,0.0263,0.0263,0.0263
0x2032dd3a8779d3fe81809af004b7bfe6ebd612f5,0.124,0.0508,0.0589
0x6bb6469862ce578dcfb712fd495a180f0dbc3e15,0.1211,0.0579,0.0579
0xa8ea20a8372e97eae3b333f1063676a4412f7f04,0.3289,0.0758,0.1686
0x812a80157adcf236704c004d552785ceb38c4f8c,0.2153,0.0955,0.1111
0xba07e5cb42ca05d2fc3d96514461d7245050eb7b,0.4639,0.1819,0.2125
0xab7b5910f8ee98a81c96e79844c9461753aff783,0.0056,0.0037,0.0037
0xdd174df4b2834ea01bcb6d42bb555ad339dfd15c,0.0664,0.0521,0.0427
0xc8d3ece235bab7d8e9869c335b9dbc95cd8b73de,0.0574,0.0574,0.0164
0xe52776d36ef023e1f38b22d35aee64b4facfa6ec,0.5946,0.1581,0.2649
0xe40c36d9d60c3b63be3c461913f55cee60772a73,0.0097,0.0065,0.0081
0x9a6fc94cc1056e5696a538a6ec78247be731e233,0.5173,0.146,0.198
0xc1546aefac4081f343c54bee1764fd18136ecd0e,0.1916,0.0342,0.0582
0xa6a6844545b4b2e2b995416f6c511b2c7d29bdad,0.0594,0.0257,0.0321
0x7a45e23cbb7765900f02c54757498bef01c2b18f,0.7574,0.1058,0.1523
0x2b22cae748a2a4a34a911d0025056eaaa7f8d137,0.0171,0.0171,0.0085
0xc17c7b57ece8597616c9133f5107dc7c26e281cf,0.0459,0.0197,0.023
0x3faf4e6906fb390820461534b52642bb51568b4f,0.0255,0.017,0.017
0xdf145e07ebd067d97cdd4ecd646b2d6e6c1827a8,0.1077,0.0846,0.0692
0x04cd9cc35601bb748cbc98b549545f44068cddeb,1.2211,0.3882,0.4242
0xe389f58d12e51b92275e9177d3829785fb3ce8e7,0.1041,0.0751,0.0315
0xe73008450235770db68c759755c58a55922cc409,0.4331,0.0763,0.1678
0xf9a16be9ec9e629e9ee3bb8e768e6ccf70ffbe85,0.3233,0.1278,0.0977
0x7a7210727e411facee645b947c4861a6ef4fe763,0.1808,0.0588,0.109
0x4ce6965dceee1f1971855931c49274604f10c0e7,0.0368,0.0142,0.017
0x59da75e6fbaa07a1d89675ee38b75db25d9c706f,0.0574,0.0574,0.0164
0x2dfcc25cc3b69f98b853e1fe454852fb52b3509d,0.0787,0.029,0.0435
0x8ce595e7af00dbc617a270d5fc4b6b35f33bdf53,0.2922,0.1324,0.1689
0x4a7f55404d0b384029b70953612f80e8312829dd,0.0427,0.0171,0.0256
0x50f90dd42e778e71ba0adbe7b57d599c861b134c,0.2031,0.0851,0.1007
0x9d820ec296a1cfed01606f008f7484870685be90,0.2481,0.1203,0.0977
0x0ee1fc6f164ca64eb623b4d8252197802b9b6bcf,0.0171,0.0171,0.0085
0xd11e89c068a8896aece49a7c826a25ad8f8f8b8f,0.0263,0.0263,0.0263
0x6137b6e6eaffdb5603780658c2c0b5478d0b224a,0.1017,0.0726,0.0291
0x1617ee80772ea97034c3daeb69c316516ae052ad,0.216,0.16,0.104
0x70635102cf3b7d32fe0a1221b412cb4b172a2b2f,0.2553,0.0816,0.0974
0x04b7dbd17a817d22ebd9b35a9a210d8e6e59a7ce,2.5386,0.2219,0.4483
0x62b57b117d2b24a23ce638e57907ede85f371473,0.0198,0.0142,0.0142
0x5076f87610ff3d5f859d562a050dae82f6b3c63e,0.5844,0.0906,0.2313
0xbaa9198180b0dd3f0a0ad2a09df08075fc5e8430,0.0187,0.007,0.0093
0x51481123c5638f3529f3b413d14e86a6dd257166,0.0574,0.0574,0.0164
0x8e22a4c2901da99777d76f80f29640fc81ae96bb,0.7682,0.128,0.1792
0x115ffd431f51e5be8a99f029ac1a76d79304dbd1,0.1282,0.0769,0.0641
0x729cae7a00ba63242825ed8682062c41f2246d90,0.1466,0.0489,0.0639
0x2f6948797ad8104998960fd5f7c5ea082d992a7c,0.3851,0.0466,0.0915
0x7291533a0e7a24f9ed63ac477c39e20da3d0d360,0.24,0.176,0.096
0xe4260df86f5261a41d19c2066f1eb2eb4f009e84,0.6914,0.1733,0.3048
0xcba72b232baa38696ef4b64446eab0d7af2c0783,0.591,0.1153,0.2056
0xc1a9c997f4d5acf608482c7d829783496eea6ccb,0.0328,0.0328,0.0164
0x9f6c47623d23fc9dbca3ed670a43792db3aacaee,0.1089,0.0302,0.0452
0xf7a678e2641133259208f23ed50820ffcb05e062,0.034,0.017,0.0198
0xebba02054900f611aab725f9cee6a05063667e1c,0.1065,0.0751,0.0315
0x43ce12d397baf5c1f887ff317adc011ebea7f909,0.0493,0.0257,0.0257
0x164af4245734ef265bbf28de9dff071f71227c16,0.0449,0.0299,0.0299
0xdb9829ddb2ec3cb74b8f4bdfa98d5d5c731facc0,0.0617,0.0292,0.0349
0x6a29ba0029bff80f29f06ea55897413f15910851,0.2892,0.0597,0.1213
0x3f233cad57012102946b1f8c8b5672f3c7ae408f,0.0574,0.0574,0.0164
0x974bbc9c9b8a1b81e92df9d1457d2df98941814e,0.3765,0.0383,0.1227
0x4c1b4644bcbd0c277c7b8096600b3c6104e7a990,0.4878,0.1568,0.2369
0x3a364fdb68f3622da40afe9c85104e385a47c4cd,0.2692,0.1154,0.109
0x26d01b02b1203aee5e0aa71bdba048dd8490ae3a,0.0213,0.0142,0.0099
0xbfd19283ed1af08f23a180f452247e564bf619f6,0.1958,0.0919,0.0988
0x7a04d037767945270a1b14a3ac632404ca5c28f7,0.039,0.039,0.0244
0x320276f94783087e3f675e6294843faf8870bc38,0.0311,0.0155,0.0171
0x0945255148a4e0fafb31af7964d67a827442c8fd,2.1648,0.1779,0.5777
0xe21c87ea23491c4dd794c6d0103c50de6b695b6d,0.0763,0.0593,0.0254
0xbe857415330b15070337073692358f72fafd087b,0.9733,0.1561,0.2749
0xdbc62cf523e82075c012952fb30a1e79f051bebc,0.0134,0.0134,0.0067
0xc89d3da276f2cff65fe7be88fbcea762e1fc0593,0.1731,0.109,0.0833
0x3a21a5316a91a2b1e651bb28a17840ad8c0b64f6,0.6651,0.0614,0.2317
0x06cf05ee31ef650519af728910d39e8401214884,0.0515,0.0165,0.033
0x15059ccb72dd7acc64f1412ad8b30b49e8e10663,0.2283,0.0683,0.1118
0x14531d8b3177b27302ab42a7a1baef5e5583f209,0.0574,0.0574,0.0164
0xa3653b4544d3eb711893daeed6e1ac0d549ce9ae,0.5902,0.1494,0.184
0x31f1f8b1c5ed47b8ecc941e55f46251303b2d782,0.3053,0.0677,0.1199
0xac17740f91f53f6c5298003910aa25597a330c74,0.0582,0.0173,0.03
0x10c439a4492a87c10235c4e3e5bc5d48c2c6161f,0.1341,0.0671,0.0366
0x34bfcc9f757cf422dab815aaf52c6faf7ccb863a,0.1156,0.0603,0.0578
0x9b4d5307eeb23632977e05a70116bd21a8407e14,0.1266,0.0546,0.0521
0x4fabd785218d8f1bd33b61f23f62214e80f1cfe2,0.2683,0.1646,0.128
0xeaa189d493feb3ead7083951be534b419e50fa1f,0.4764,0.0737,0.1829
0xf2abefe39c9233cb3a30549472d6b5f5c2bcb32e,0.232,0.168,0.112
0x597d2296bb3acdf50e875bfa448baa2bfb511427,0.0888,0.0456,0.0448
0x9256869e8b1557ef97ea9e2a2b825032f2064eae,0.0569,0.0569,0.0163
0x94cf156af3c880c702601d151339736ff1cb2d39,0.1135,0.0797,0.029
0xab5b338a6e41adc55b539747481650ebe40dbede,0.5558,0.155,0.1966
0x6dd2e5796a9a3653bcf31a034c5d9d0a19eb2da3,0.0424,0.0424,0.0085
0xcb36f8580a36788a48518dec95ea458357e64e30,0.2271,0.0663,0.0864
0xc0fcb9923199007a97542ba7f706f7a7b7b81c48,0.256,0.176,0.096
0xac71a32657762fa44af3f6fb442eb578a552111a,0.1603,0.0897,0.0641
0xa6da0ecf1b432ca957b12770e991c420d7c1eab3,0.0299,0.0119,0.0119
0xf3b1c99ff41836dbd20eaa1a5d502213a49ec997,0.3767,0.116,0.1718
0x847f309264e4d286c973cdf88c80f55e8187b1ae,0.2172,0.1364,0.0909
0xee5fcc52cc198ec121015d9b8ce82f6bb48c1ba7,0.5585,0.069,0.1639
0x2e56bdbe00b1aa2c39b9782557c47b09cae931f3,0.0569,0.0569,0.0163
0x42df068959215eeb208781d2d4dd68b1c76ffb14,0.2063,0.1323,0.1005
0xae42d90f3394e607343f7c32cac59471835d81a2,0.0424,0.0339,0.0169
0xe1051fdb83569bea32658ff95e6b08afef372d70,0.3581,0.114,0.1419
0x3b5d3bb40aca67ea44661500b7d04ea414ab45bd,0.0312,0.0229,0.0146
0x993a4209efb13e0746cbfd77a7772a9cee29f571,0.1463,0.0793,0.0793
0xaeb9d0bd3b8e7d3a6c4f77b632cd75e67141cba5,0.2927,0.161,0.1024
0x21ed4fc2f08a3641f7fd2e38a9d170d795947b4b,0.0824,0.032,0.0389
0x9122fc402260d77af3850a3d71df392830bd2222,0.0397,0.0199,0.0132
0x8b4c4bbf716ec83bceab881436b38929d415db6a,0.4217,0.2174,0.2174
0xf6ee581997a3f511fb842104bae237623ba1ce8d,0.0169,0.0169,0.0085
0xbb8f16a45ae5b2707afa0e158da0ae575bc63c6b,0.0145,0.0145,0.0097
0x2441f0711acc5ebf3d5898edfaef84d10d911651,0.455,0.1582,0.2019
0x2fca9e54a8975d5ea949e2ca43aedfeacf8a8825,0.0169,0.0169,0.0085
0x107e60e09c1b9399c2f9c51051051acc2d5db0db,0.9141,0.0557,0.1162
0xb485661edcd2185284b450d7eb53b0c3396df21d,0.0072,0.0072,0.0036
0x3a40227926b98b1b649d25927861b329ee2ec394,0.189,0.0793,0.0732
0x9a2cbcd948378063d25078c8f2c629f5c758d9e6,0.1368,0.0694,0.0732
0x6f8102a82ffda50d8e762e10d5d470c5016b226a,0.2379,0.1456,0.1068
0x188f0641ce552c9050b6fdffed3540bf20f32647,0.065,0.0569,0.0081
0xca060807b1dc3a567ee6bbffb3242eb78894a60b,0.0847,0.0508,0.0254
0xcfa6678943bb282313841b5bc96408129a0f7723,0.026,0.026,0.026
0x39b732a6959ea2f77f7186be2290b3390c07077a,0.29,0.1083,0.1227
0xa133fcc24e9276e0b68b01ff6ee2c2d0a575710f,0.0311,0.0207,0.0186
0xde99bedf04accb868e7a897cc3769a37818adc17,0.1368,0.0729,0.0562
0xfe23956f17541ae0b4eb79b8dca4d9191a982722,0.0566,0.0425,0.0377
0xe27579443f2e51daa2322bde76117dfc0b0cee48,0.0709,0.032,0.0412
0x0349b10a1a14384472e0b77c00355f4c434218c1,2.4139,0.4579,0.4725
0xcdd639916a5b679666ade96003123089cbfddd82,0.4936,0.1923,0.1314
0x3a1402069ad310753cbfc5d011cd3ce30dcb5d91,0.0177,0.0088,0.0177
0x23df25611b75609639caec6db2d2f3d19329a692,0.0286,0.019,0.0143
0xb150239fff0ef35102ef44ffd79d67ed37f00a02,0.0569,0.0569,0.0081
0x4e92f27aa80fe8fc16eaf5551e0f1dbe48f1651d,0.0309,0.0247,0.0185
0x26b76289dc32fff57d26586980bdca46175c0103,0.1646,0.0854,0.061
0x284f511323a1f37030f99fd4ffcd37ae038654f6,0.0717,0.021,0.0367
0x284f511323a1F37030f99fd4fFcd37ae038654f6,0.0717,0.021,0.0367
0xe73277c2468391181d94e7c0ae64bbd59849b1e3,0.0806,0.0372,0.031
0xec6003a6e7ff35d0d6977e9dd22d75d4b2365c2d,0.2829,0.1073,0.1707
0x663a415fe925ee1e9639be6c162a412093f01bdb,0.3002,0.1201,0.1304
0x59966e8e109b62acd549e6ce5f485e08a4a6b7a7,0.4904,0.1863,0.2099
0x5d2bcbb8b3180fd5affe619f8ea8debe4223482a,0.0485,0.0256,0.0219
0x8f72f022b4cce7133d58447d431fba359fc17fee,0.1585,0.0915,0.0671
0xbb4747fce02ec5464bfaa6f18456f57f871ea2d6,0.1057,0.0813,0.0325
0xc8aad3e5c5f3bde37fe0200479afe7e2c1aa51d0,0.0766,0.0269,0.0414
0xe5d0e3fc44b4a8eb89812361f9ad1d05767275c7,0.128,0.061,0.0305
0xdc6b8b33630fade4a11d5f52666a4c30ac800363,0.4648,0.0865,0.1607
0x2036de0a1e6a12ee5eb00f91a66a4afcb5b2f287,0.8443,0.2132,0.2367
0x6cee7b340764c49a827c60d2b8729e49405fbefd,0.1811,0.0864,0.144
0x48a63097e1ac123b1f5a8bbffafa4afa8192fab0,1.0549,0.1334,0.3489
0x59d0c5a03804925c711aba537964de8f229a12db,0.0169,0.0169,0.0085
0x0bbdea61736307619e74126060368d6338034f1e,0.1263,0.0859,0.0606
0xe5200c42061e90a3dbadbdfa60cbd9d31bcde76b,0.0507,0.023,0.0184
0xd707093a476b568b416bc7a164c083f18e807468,0.0569,0.0569,0.0081
0x8e5560602544a3a45d717cb2b28a06d70212da01,0.026,0.026,0.026
0x947ebecd725e07bac225363f328de957aa5819b3,0.0545,0.05,0.0182
0xdb4e4ed2fc3855856166d3248789b457ce12039a,0.1373,0.0601,0.0944
0x835b768ae4c589a2952414940e26fbf7d6ebc1af,0.2995,0.107,0.107
0x884c95d6e9222d9e503bbfefad376321a85436ca,0.1408,0.085,0.0631
0x5189b00aea9ad2dc7c1599c9472d32b513077b90,0.056,0.04,0.024
0x9e9821aecb5612f9cb6cb0ba78a1b38b0a3c8217,0.156,0.0459,0.0642
0xe266422874bc9f5f1ce1ade09d6abab6fe4c31d4,0.0169,0.0169,0.0085
0x31cf3a24ca248659dd6870952c176bced1997055,0.0559,0.0347,0.025
0x7956f6f676f9e16f3664614101a03bc53802f283,0.0182,0.0061,0.0061
0xe43ecb7c6967a916188127f3759503d573b94c84,0.109,0.0604,0.0677
0xa50bd98b2c05992bb988296d0708a83b1aab8aad,0.0974,0.0359,0.0205
0xf140b8deb406c6db711258cd6802f477e526b012,0.0169,0.0169,0.0085
0x50081db97ca02ef971cfbd5773f32d5509b150f6,0.1836,0.07,0.087
0x5a4afc30b7d6090dc9911aa3355979d4c96cd72e,0.213,0.0569,0.0807
0x0c4a338ac0229e8da122d1a5e5b5245c920bb538,0.2397,0.0497,0.0934
0xb51de0e1fe4514249049c0acb34d665c6c37a515,0.1463,0.0465,0.0482
0x9b41779051bc8d4904da2e1312cea8a8dc6cfa66,0.112,0.064,0.048
0x1cea1e2f946ac7e75b8af75a8e113b251b72c2d8,0.1109,0.0657,0.0411
0xc4c16c6f513e267700c5305c7cf1ff69139ac4e4,0.1111,0.0707,0.0455
0x3e4f83090815c1b7c40b32f3d66b3f5981d146f1,0.0569,0.0569,0.0081
0xdbec4e6e49953b5a0b987d3e2d7ffbc33ebdcdfe,0.0528,0.0264,0.0231
0xcbf12a45d001bec83ecfbda8a8ae38b094235dbc,0.0085,0.0085,0.0057
0xde3cc00321be3e7d23412e767f7e7d8aefc0e886,0.0525,0.0085,0.0329
0x8454d419122ff064f5fd0d2e6fe8dd97f18d003e,0.0649,0.0167,0.0314
0xa9e51500df3e900c0d774a2ba1c636865c047638,0.1517,0.0622,0.0721
0x7761ca398e836534bed3b8798f96a3cf39d3bd2e,2.9682,0.307,0.5924
0xaf898fe019897e54fcf240b4efe2126d02b4e196,0.3063,0.0498,0.095
0xbd612bf4c58f7cf9eb5f9e11a2e68e2f95f72a6d,0.1571,0.1,0.0762
0xbf7408bdc392cc44d6712a2e1d114ba0120d87ee,0.1212,0.0657,0.0505
0x409f481efe7fa0fb9cff3da4f52c77c24c8b0bfe,0.0384,0.0105,0.0175
0x6e502cd54fdf3b16fe91e49f04e63ea89cd365ab,0.0744,0.0372,0.0347
0x05d17b8df776bfc338c96da5dbdc15184aa9c579,0.0569,0.0569,0.0081
0xbd5f593c86319523e6e8afe60dedbefaedbdb8c9,0.2152,0.0712,0.101
0x112af92409b81bd996cd3aa6d33d366e19230fea,0.8246,0.123,0.2261
0x965b852293e54b66c5d639731620419b085cafd6,0.0476,0.0357,0.0238
0xe70abafc577e6a98b2f3bb9c7ef50ccbd1f2a379,0.0455,0.0276,0.0309
0xb3c64f4160235c8e9f2494f167a56aaa3f962f5b,0.0569,0.0569,0.0081
0x5391a3ffc2692a38a13ac36cc8b3c0ff015290cd,0.1575,0.0866,0.063
0xa0a7f2516fa58dc07166e1bd4331d63c31f74747,0.1162,0.0859,0.0404
0x7f65c64ea807901349a7aebda4b1f8a282cca051,0.1964,0.0809,0.0873
0xe7e9f9863535db549bf55cba243d4c0acbabaab2,0.2628,0.0989,0.1023
0xdc0046b52e2e38aee2271b6171ebb65ccd337518,1.4596,0.0941,0.297
0x33d4abf7bb9e84c7c186c022af4547e5e715251e,0.2613,0.0563,0.0912
0x5df6dc2d7b42a9ecb870864087fbe9933cc28a41,1.2672,0.3817,0.374
0xb0133cf7cf9de10d9a434e7a7d98f0d478148abe,0.1341,0.0671,0.0305
0x1f28588c21769f4c7a7f1d78e348c85078607bb6,0,0,0
0xe111d12ae8530c234fb9fceb1fe9ff900f483740,0,0,0
0xf0863d1a5c1b4b4726f707a4d0d5ce617d9f36b1,0.1253,0.049,0.0381
0xca3f53f02b5e1e670e0b894bb524afed0a0d221a,0.5905,0.1003,0.1727
0x2349221af6d23b178b385a097700be4dba89ca24,0.1255,0.0323,0.0756
0x5b0f8d8f47e3fdf7ee1c337abca19dbba98524e6,0.2365,0.0689,0.0987
0x9ce5512eb37900b3f74e4399df7f8be02466ce9c,0.0278,0.0278,0.0167
0x58e02a7aa5fcf710358bcf26d93d80dae782c6fa,0.7444,0.2075,0.2632
0x374dd65efe171dc0d384ca485cc7f94e5fdc4531,0.026,0.026,0.026
0x1b92bd5da943fdc4dc37117d2132d90c0c14af3c,0.0316,0.0263,0.0105
0x33b2b6c70ffcde4e6db38cbc6c62e13e6b6282e0,0.4681,0.1418,0.156
0xeef163b6bd2a1b6d229eadea73a6e650e05ef606,0.1717,0.0808,0.0606
0xf878cf2c4c0bd884870ddcc0067f50be190343d6,0.056,0.056,0.016
0x062abd837434b394fca84fa23cef18ef66725e8e,0.53,0.11,0.205
0xdd0a91f517685b6cc03284d6ef2a1c6534c21668,0.0388,0.0233,0.0233
0x17773173dc642de2c75403bbb4431f31c367878f,0.0778,0.032,0.0435
0x27a16c24684333b4ab9214cbbf9012a106b3e8f5,0.0315,0.0225,0.0225
0x2e26fd094201e7d6f259ab53ae0dbd010d51be74,0.026,0.026,0.026
0xaf49faa0a6c2ab0535b8750832e33e067f767f21,0.1496,0.0423,0.0804
0x8ef77d4778ff07d6d26aed80ed69b1bf25006c33,0.1626,0.0732,0.0732
0x9259d52c1f3cf0fc0ccfa1130bfc575a3ecdc628,0.1555,0.0435,0.0295
0x9259D52c1F3cF0Fc0ccfa1130BFc575a3eCDc628,0.1555,0.0435,0.0295
0x48a6cfd65f2802610c479060852d7e685f4a87d2,0.056,0.056,0.016
0x770427478966021df2d9917b13591ce81e9619a2,0.0867,0.06,0.0467
0x7d6dfd36e576a8f8d53e516fc56b9787161a4068,0.0169,0.0169,0.0085
0x0091c05a50ef584f09c5c8b813a207198643788a,0.9931,0.1986,0.269
0x803f859ce7874994fe9e94189202ef38e3c6e1af,0.4435,0.168,0.1901
0x8A56c00320042a4b5D8519928a424917829642B1,0.2568,0.0652,0.1235
0x05a94408401e35c8f0a2ed37bc4ceaafb3c2aa15,0.0419,0.0233,0.0186
0xde76f581ac451c5de13246e0285a903ebd81411d,0.3463,0.1659,0.1561
0x23d95123fd20795bce8bcf836df3ad5052206493,0.242,0.0575,0.0668
0x9743e4709c8590744ad68d80e83c0881b72d0495,0.0613,0.0377,0.0425
0x5609cec701025490e3cb840cb4dedf939a20d773,0.2217,0.1005,0.1085
0xc4e72dca26a37037a9fe6005cf8d2b853fbf1bb4,0.187,0.0894,0.0813
0xb7cd358d7a4e6c08d5628cd5be91394fa231d03a,0.0339,0.0339,0.0254
0x8dba3f64670a7dc7727494d1d020f0210c395d04,0.0323,0.0092,0.0138
0xc82960f3e9aad475b37305c9fe7f2b12c0c57b49,0.0222,0.0222,0.0111
0x8c702a9a6e0cd14a53251c630743c4f5327edde8,3.9371,0.7692,0.6853
0xfaBA6cB47d6750101A81753588617ABd82D7c988,0.0583,0.022,0.0252
0xfaba6cb47d6750101a81753588617abd82d7c988,0.0583,0.022,0.0252
0xec09c52058ed87c4dfa1848cd92a3f9e39807f7b,0.187,0.0894,0.0813
0xeb7c100f0fecb8ed78fcfa6164b8c57aa3a065a8,0.2008,0.0837,0.0837
0x481a5c21d909826f21441214902158e36ab908d6,0.4336,0.1329,0.1608
0x2035adaef942b49d51d52d37db127de874cc042d,0.06,0.025,0.04
0x28d43e1180be426a79746b1c56de7bc29616bd02,0.0309,0.0052,0.0206
0xe75cd5fd2225fa04dcd360b599cf14d2f8b7a973,0.3502,0.1009,0.1498
0x1204a3c5645ff540bc5299b4350e0c384d1903a4,0.1301,0.065,0.0569
0x652d5c44500c041601932b0edb538a8c88e2e056,0.0613,0.033,0.0472
0xbc24f7a840fccb7a5164b02e5df5f8a37f82bc90,0.0437,0.0317,0.0159
0x7e667fc962b769612e3f417ede449fb6b33aa660,0.3352,0.0648,0.1474
0xfbc7f3c702dc1c920b16dd0d9bf33591b64c7ecd,0.1707,0.0894,0.0813
0x127fb6b65d9963503962b826e73dbb6d80028fc1,0.3079,0.0936,0.133
0xdf1790cf4589e568592b21ffcd11fd10c3e27daa,0.0085,0.0085,0.0085
0xd4ae5ea38fae84c76e61253562430e5eac97187c,0.026,0.026,0.026
0xe4c65328ae3d60335d3c1e49d03ecddd18cf0088,0.0169,0.0169,0.0085
0x8dcdb9611707559e6d990b7c71b9167a3e5956e5,0.086,0.0272,0.0511
0x7bc5a06669d64b7fb495b91d95331156420c7bef,0.1364,0.0431,0.055
0x3fbb8a6a27f8f5f317434a7753677d6159b7d262,0.141,0.0627,0.0679
0x5a5c87ab4a9a0cdd94a09264c7ed06ef6f424bd4,0.1029,0.0514,0.0322
0x9aefb385c5dadae155d40e70baeb495f67c65376,0.0276,0.0276,0.0166
0x13b1cc6e0139a7a1b089c49b8b5ff22762e8f7d6,0.026,0.026,0.026
0x6b5918d8ef9094679f4b4e1bf397a66ea411b118,0.5247,0.1516,0.2675
0xa6586f56adfa72a2047eb1b1e7941008f8c713d9,0.5683,0.1585,0.1265
0x905e006c2457e54a2ef6b6cdb7d18381c5c3a184,0.1024,0.0709,0.063
0xf1d61eecf6db7d0027add8bc1545420efa23672b,0.1261,0.0349,0.045
0xa11eb251a0c4b91d20acaae6a283a4f533a7097f,0.0676,0.0244,0.0394
0x05d5f01b74ed14c15a60d34219eb0cecb70ec337,0.0938,0.0318,0.0318
0x601b4927a0e370464488b306a636dce604d6f577,0.1161,0.0099,0.0283
0x331e4027f78811428087cd408678f14f1ea4c8c8,0.0566,0.033,0.0425
0xe18df4ae27411d1aae9ee208c0079f2b077f3c5a,0.8136,0.1864,0.2938
0x520fa873d99b54d9b2b81858d5a875105bdc89ce,1.027,0.1787,0.2426
0xbc0f11911b9fbc1b6f8f8a21314299176f2807c5,0.0613,0.0368,0.0307
0x88694779282c79e358a959f056ad3dd0982f3c42,0.121,0.0565,0.0484
0x734edee9e4e8e43e81e0c250b9dc382e85ff6845,0.0633,0.057,0.0316
0x5e7a899076b45dcc7482aed01818113d9bef232a,0.026,0.026,0.026
0xa9770fb1d1dab1fee48b94189e98c2010ae238b1,0.0452,0.0201,0.0151
0x8b4ff289a41be55d7465e9fbf5873f1a834d675a,0.1569,0.0209,0.0826
0xdff5a66ff62b35b8dfa2355b40a3d97ed24d3103,0.128,0.061,0.0366
0x31b32020fb1bdf0228c58b80590f07b235f2b0ce,1.2057,0.1962,0.3323
0x656654b1178b1af2e1638857876480cb8014b494,2.6449,0.286,0.4549
0x2a799e48aab6b9dbf45e89b543cdfba4b1528b88,0.0431,0.0144,0.0287
0x7508bbfc821656b23a2db9bdab0bae8b52cd12dc,0.2967,0.1041,0.117
0xe4903593ae679d6fba2db7792f7d601fa36e55a2,0.0287,0.0154,0.0252
0xe633a1eca391e65aaddae921c754210638572030,0.026,0.026,0.026
0x46e15083b0de7fc884d038b0dda8c3b3a8e0cea0,0.4276,0.0654,0.1308
0xd0c5a28fbc2fd0c5a9439e3903f085620236d18d,0.221,0.0924,0.1123
0x5781499776beb426de4e39549b287d2c298fde9d,0.0449,0.0225,0.0281
0x91f7a7e5901520a533f6e8bc0f7327f47d879610,0.1383,0.0366,0.0745
0xd2c818afd9cf75c59f8862838692a1cdabf1500b,0.0169,0.0169,0.0085
0x91156aaeb018a47269d9a5da86b33753ff51b7c9,0.5672,0.2015,0.1418
0x1258a40e57d75cafecbcb8eda756bc5cc7046cfc,0.0522,0.0199,0.0299
0xab2b4d715f8130fc193d0b54f1a76675d004c539,0.2166,0.0913,0.1076
0x44f0e650a559fd905228047ca90c3d7d696c609e,0.248,0.0547,0.0933
0x16abfcc4a99922355a8939cfdce4f1879fb3f3da,0.2396,0.0542,0.0979
0x1031c425f6ab1755ab602f83b1f148182ff32ea7,0.0283,0.0236,0.0189
0xbe623c21e967124a630de90af0bd675879dc14cc,0.15,0.05,0.0854
0x313ebaaf3a7a8d9ec14ea799bc1315c1cff44c72,0.0221,0.0221,0.011
0x1d80767d1c03286843212076333d8252f2044b16,1.035,0.1304,0.2311
0x8f1871170fdc37af79756a7a7b08ffd630423cbb,0.1285,0.0462,0.0628
0xbf9ce89e2cb51aff81abe3d58591431311cbb25f,0.2379,0.1408,0.1117
0x6e573d8a907aadea34374c65455e7e45f18852be,0.1034,0.0416,0.0429
0xd44a38b7e4b67346f583d13f611b04feef15937c,0.3519,0.1613,0.1642
0xab6125047f67eee034cc4ec3a1c77ee3e77bff04,0.1163,0.0698,0.0465
0xe885626097850ec1c5759d4bc8718c8762c68077,0.2924,0.0705,0.0862
0x665511c0c5240e6510ffac1b4381af8e4682f3df,0.1732,0.063,0.0819
0x5c2c3764a4ba0a4ea4b81532aa48e3a72ad0655b,0.3945,0.1063,0.1646
0x5180db0237291a6449dda9ed33ad90a38787621c,7.4258,0.4188,0.6597
0xb0ccf43ada6cbaa26dcf4907117b496d49f74242,0.5618,0.22,0.24
0x37441dab365c142482ed6dc13b76cd193398f1bc,0.0339,0.0169,0.0085
0x65139bf8df604a27c8cb0eb2c307901c88b7ce77,0.0169,0.0169,0.0085
0x27a0a9bf2916685ac00c2abc735eb9048a1c3ba4,0.3044,0.0851,0.1936
0x7555be2483ade0403a02988d7ab266c88fdaaa5b,0.4652,0.1913,0.1652
0x6030d85fa0de94a0ffab98f8857622b096384164,0.0243,0.0063,0.0169
0xc2304c74a373401ef37bd3d382aaae3143f4e019,0.3081,0.1185,0.1209
0xcc3357127e4c819dcd4e12bc05ca40ec202389f9,0.0283,0.0236,0.0189
0x28ac01ebf289292783cfaad9bbf2c7fe2666dfbd,2.0173,0.2704,0.3936
0xde6a929b62020f9c5d1498a58c16ac8cfb98dcf7,0.0103,0.0058,0.0064
0xe17b279d3891b48c36ef616a5f70a586e80b5b98,0.1774,0.0968,0.0896
0x8708cd7d1408032c0022136c2519f68b3ba8ef4c,0.0627,0.0272,0.0245
0x9e112206b67aaaedce4e4e294c44a6a28940861d,0.0447,0.0268,0.0194
0x5dbf3d78390cc418a64952caa6445ffe96123170,0.0979,0.0222,0.0496
0x9383c96bf288dc985b68262fdfa1d3c0c556eec2,0.0407,0.0185,0.0222
0x76a45e6a43353bb15ba6c7ccc68e009ec07c5d60,0.3058,0.1357,0.134
0x36cb905bd11c3dfd24db06be900f3fab3f9068df,0.15,0.0542,0.0833
0x18bd032bdf7f1763011c4e3189f2cd67667139a5,0.0679,0.0522,0.0339
0x9fcc55e782c2e43dfadcc428c4f2f8f32e095782,0.151,0.0184,0.0592
0x2ba8f4aa4050498e27e2b7187458ba5215b8b13f,0.4331,0.1496,0.1957
0xa198884db310ab0dd60127a34977c8860a20272c,0.1574,0.0397,0.0652
0xa2c9942da90f5da725ab57edd8f5d58a9f485be7,0.7019,0.2566,0.2189
0xe3b5c5db7ef56fa194dbc2b208f580d2279ef652,0.1394,0.0667,0.0364
0x69553b2e3dcbce595a384b4e61d1decd9310a600,0.3522,0.2024,0.1377
0x966d8e882351d37f87d9f3818e6ebaf1787dfc8c,0.0768,0.0345,0.0365
0x3f6ebdcd60b09039a21dec57a71f2c2cb3b0ea3c,0.0276,0.0276,0.0166
0xd00ce90662ef9a1025ee36e1fd115faf7768213b,0.755,0.19,0.2533
0xa22ea1235ca466e7e1a9214612924c311779084d,0.194,0.0719,0.0671
0x106dfe620d24af448590ba218cf05876c9c4882f,0.024,0.016,0.0128
0x200d41aaee95dff1b4b7df488bb5f0b16c7659e2,0.0169,0.0169,0.0085
0x39de05bda2c83b8ddcaee85ba5cd89125a57c874,0.3184,0.0926,0.208
0x33a0cfabe30251c75a6721e114b930fbc3faf8ed,0.6287,0.0724,0.1023
0x4a2e82f286465429cb1f11f697dcb3185aedd504,0.1246,0.0188,0.0492
0x6cf4f5dd7407be77b3b6b3c4451ff0be0906afbc,0.0027,0.0027,0.0027
0x7941983a3e1001dc3bdde75a0c29b281760f0413,0.0585,0.012,0.0344
0xbb39cb096c43a06e29b561c28f77c5d9a1aac0ff,1.9246,0.2915,0.3543
0xad97fab3787527b7d280dedb1f5053106e2d5500,0.0504,0.0197,0.0315
0x44825af76148e9aa52590bc46f75a0ca8edd319b,0.0806,0.0248,0.0413
0x41d2a18e1ddacdabfddadb62e9aee67c63070b76,0.6309,0.102,0.2409
0x788721029de196613f1799737c1931ce20818f8d,0.0137,0.0082,0.0082
0xc2f78a64a3bc2dc3a362ffee5f3dba031b4a674a,0.1565,0.0429,0.0568
0xfa052e70a12b79d6a0193664b48800feef2d2ce5,0.0781,0.026,0.035
0x291dc7abc378c0e93d80d1adc13e76c3a1654b7c,0.1037,0.0463,0.0259
0xBb022D3C5b38658B53c8d89DDA2AAc8870586CAB,0.2065,0.129,0.0968
0x78c96850dfacede6c9235f50da3fb688270f4509,0.0648,0.0133,0.0283
0x54d64d9d9165f07cf818ec6f8cb36b4f81870341,0.016,0.016,0.008
0xbb022d3c5b38658b53c8d89dda2aac8870586cab,0.2065,0.129,0.0968
0xe8d848debb3a3e12aa815b15900c8e020b863f31,1.4721,0.2387,0.4339
0x128b7e7f0bfa7cda46bb4728a0da88dbaa095026,0.3088,0.0989,0.1713
0x1845e7d10e9db3749ca34677254e305a834b8458,1.3982,0.2684,0.2737
0xa62c2820c44471773df5dcf4230a63e7dd23e0a4,0.0191,0.0153,0.0115
0x879cd8727950ce4c3af92c49e57531b13e9ee07b,0.0283,0.0236,0.0189
0x1f9eea512ca9167bceac42ee6e8b8ba8be179a76,0.0667,0.0364,0.0424
0xe68e3a3670b412a28e19687931d29c6caa479751,0.1737,0.038,0.0782
0xb34e1df2be83618aabd9ba8c6277b11f6ccd6b8b,0.2778,0.0906,0.1384
0xfd9a6cd1670fe8eb4012d8abb9cdf25741a6ff04,3.489,0.1235,0.4685
0xcaeb6dc81209a49a95174b6c7f3c4d609c9515a6,0.2958,0.0751,0.0986
0xbd20e68967fc2a813356bff4754bba48692d8e0d,0.435,0.1626,0.2236
0xe05f97c4f438a07e6eb3b40cb4ba4e1aa2239049,0.0276,0.0276,0.0166
0x35b022ae795077f96dbb24ec87a0d8ca3c52b0b8,0.0467,0.0191,0.0255
0xd5d94a30d700fc65aebbeb17af6887b0fa64d585,0.1026,0.0214,0.0598
0xdd8d2c7779b907139ed7fb04729fddcd19618d14,0.0085,0.0085,0.0085
0x7fbd935c9972b6a4c0b6f7c6f650996677bf6e0a,4.3051,0.2541,0.5541
0x205aec5d21f09d5d7720a541b5e37b90fff634a4,0.0308,0.0154,0.009
0xcbf5d21b72405638c493fdc864228a04b3fe8eaa,0.0256,0.0256,0.0256
0x3e5c7977e9370ade7d8424406017c6e280560948,1.7902,0.2098,0.2378
0xa778ca38cb01fa0e1a6a616dbc17b08da5b16372,0.2043,0.113,0.1174
0x554b1bfb3508e4a27151f7d0fe6520c56bd37e9f,0.1437,0.0688,0.0668
0x20198167ac9361e167ad911e26c7d3ab5c5b78a3,0.4644,0.0868,0.2025
0x66ea968b31b00f48f15c3d50ad18c84dd6b42773,0.2583,0.0601,0.11
0x00ea9e43c49663798e9e761607389012d9649808,0.6795,0.1581,0.1895
0xa946cac469f96014535d3705e886aa179169bd27,0.0253,0.0253,0.0253
0x6c326a15469dca721296a2494625dccbdd65eb88,0.027,0.0135,0.0135
0x8a034bfc9894cc5cfaf7b1b9f6d0a3413ff5f57f,0.0769,0.0481,0.0769
0x7e651f5f597436cd0fa941f5ff2cd45ef3f2fda8,0.4074,0.1199,0.1771
0x0977e8cae5a505d9fe78ec04fd45bc644d2a8a76,0.042,0.0168,0.0252
0xc14892171a4cda9d63e717c31e9b9094741e4ed7,0.0373,0.0174,0.0261
0x5d06d764208a80dc8bbed0290e086d908df24b38,0.053,0.0265,0.0303
0x781e66b72630351541939e4c7f83fe4ca5f0d82e,0.0519,0.0297,0.0223
0x5b9490a683433bf68280f1ad7df7b0fc6b8e72c3,0.0859,0.0376,0.0462
0x6256ffaacc5ec1b804d12291b7cdbdd123c0a05d,0.1561,0.0731,0.0593
0x834f503029e81b862a1f46f9eb7b09cff7c09327,0.1485,0.0437,0.0742
0x42510dd672d8c1c0165a4f1b61bc6ad1b224fc45,0.0283,0.0142,0.0189
0x007966345fd656f15a970601b0e505155d1d3eab,0.0508,0.0508,0.0339
0x7fbde8b27d2b4f164b66f2a9dc02bbd6697e5b19,0.3056,0.1089,0.1044
0x2f379527d40645f86ab0de2f9e2e72693dfc5356,0.0256,0.0256,0.0256
0x68cd534771f676677f714f26ee47a7dce0ef01c9,0.3301,0.0777,0.0728
0x91dadd2aa1f732e19569fe03f0e8d990745fc4ee,0.0441,0.0441,0.0147
0x4314f4df1cd66cb44159388a6a91ec22841e0772,0.2017,0.0504,0.0588
0xd3e14d46ee219ff85174c076ddfbb7f99dd0f9b0,0.3774,0.0772,0.1571
0xb74b2217c190b0e50fba61c62b98de279832ec10,0.0283,0.0236,0.0189
0x8221578655a0706007cd1c6a312078bbbfb4593f,0.0441,0.0441,0.0147
0x8ad2101fec30a5185f95c23a86a664656f1696c2,0.0283,0.0142,0.0189
0xa51f80e901935673f68d29a3778a7f4ca144cfc1,0.1429,0.067,0.058
0xb967688619d045b4feb7134ab9a72e66bb900f11,0.7465,0.2254,0.2324
0xee05f233245c33150fd061f732bd213aee0ec3c7,0.5484,0.1809,0.292
0x1d7b2310659850931053ad6fb53add567f99d5c0,0.7115,0.1414,0.1867
0x71d8e8b2a0098869d60793a2af743e414da22b46,0.7768,0.0906,0.2608
0x24756c636b93f35f64f51cfae29f6cddd4d0bc17,0.4368,0.1818,0.164
0x8e2e6edd17a7f24451ec25975c0baf3492d2d293,0.0172,0.0172,0.0115
0x79992cdbcda8a3916e4e1a65d0d98a73c49672cb,0.123,0.0574,0.0615
0x7cf6e615ff8c7ac3a162f9ac7e231d9ca0789030,0.0256,0.0256,0.0256
0xe30fdddcbb85e49707065de092ddd38b9a6dd021,0.0441,0.0441,0.0147
0xd5604d8110834c046b54fcc31fba615f5e0c7201,0.4732,0.1678,0.1711
0x82061bfbce66ca11ab04eee6f536454c79cab3ea,0.0399,0.0206,0.0154
0x377efb92e4d0418585ed9a6d81c90cd987581625,0.1755,0.094,0.0878
0xe317bcc1b1fa30eaa1a3087426094e937cfa865c,0,0,0
0x13b4384df5441787b64d77ece524afb8cbb9eff2,0.0132,0.0088,0.0044
0x7e81462e3c1a43cd4bff20216ac5ebeb6913e534,0.3248,0.1099,0.1417
0xbe0ab413037f5d135d21f3157c55790e1c47236f,0.2957,0.0322,0.075
0xf904c82a9528611bb7c9d296e238bfca45b9eab1,0.0424,0.0424,0.0169
0x2cef35ddad95cd702ac8bc9ef423abae9155ee1c,2.0492,0.3497,0.3515
0x1b269fb63d9c9dc99575b910e9bc7d2ef1af8b0c,0.2644,0.0945,0.0916
0xca8ca9c71aaa3ff061328c635207fe99cdf97adf,0.4216,0.1105,0.1954
0x17e2a33a7866e3c800cfcdc9efe2365022915f60,0.0743,0.0297,0.0446
0xa2de8a1234edac229bf30fec1a95ccfb3af69cd8,0.4092,0.104,0.0943
0x9e9e8721728b2e2c2ed3aad5b3b79831fab2aff0,0.0438,0.0438,0.0219
0x17ea1f9dc411290119ad2122f11b59363d3b1ce9,0.0339,0.0169,0.0169
0xa588c9328648443cffd188660b162cc686927f11,0.0593,0.0214,0.0247
0xf6c3e70b36934c67139408f3a28188e77857e778,0.0547,0.0124,0.0174
0x555b1db5fe8b093cc4e20e4a71b2d05908453801,0.0664,0.0122,0.0385
0xff75d932e526f6931b21ff652cce68be8b3236a8,0.0256,0.0256,0.0256
0x8af5543a628d1a42ded5b540e24e124885301289,0.2602,0.0701,0.1199
0xe01b4c4d1cb0d15e3f6ce0182e4d98f882058876,0.3417,0.0661,0.164
0xac016ceffbe734bbf0f91eae8c18e02a15326f31,0.0735,0.0203,0.0393
0x92d240dcdd92a5b2f3cab0a94aad98196817fc03,0.104,0.047,0.0446
0x7a4684dde185fc16525388590026036d789ce452,0.0283,0.0236,0.0189
0x76c1e8e91dd6e9fa0328e545eab6ea774f53c157,0.5499,0.1699,0.172
0x839395e20bbb182fa440d08f850e6c7a8f6f0780,5.4899,0.2555,0.7037
0x6751f9d98b98f43941344256a9d8039c1b6dc84f,0.0571,0.0124,0.0174
0xcac4f9d03002e095df3cabfe625e93bbb7260363,0.349,0.1117,0.1012
0x1420bddee23e28a2fab3d91b716dcfbfc2165ff9,0.3078,0.1246,0.1847
0x83e1922d008f5cee54c4f2de94e2e63ecc8defdf,0.3971,0.0833,0.1373
0x286ea873fd2fe313ec43ab8e3818c746daa8efea,0.0438,0.0438,0.0219
0x23554119F827F4D903318Ea8Cf61e75E4B24E147,0.0625,0.0312,0.0312
0x59e147ec5bb417745356a1e2d9433f3a07d74419,0.5304,0.1319,0.2072
0xe76293614c4f9318225bb8d4b3bb5f2a0ca409b9,0.4108,0.1228,0.133
0xdd5e08bb8c02dcb6fa3232092d82412f6db5e369,0.1307,0.0754,0.0603
0x76c0f015430a10855dc6e496d3dd2bff03684e96,0.0645,0.0149,0.0174
0x71413cb12897f48176e44e52c00234c275260e4a,0.1304,0.0326,0.0457
0x3c16ea242b5b063d7840d99be1c08088a6307028,0.774,0.1557,0.2455
0x258b3859bd1ec183e1cb0d124590894a0dcf85a4,0.138,0.0521,0.0781
0x5789425df6316fed2a1b664a74bbac11e7f769a1,0.0256,0.0256,0.0256
0xa4375c192d6cf22825dceff9dd6f7751f6e69f24,0.0726,0.0533,0.0557
0xf12fd7429e313f91679bfa3478e87b162e0c67a0,0.0534,0.0267,0.0351
0xb805bf6cd9674e881a19b62bc1f50059b7382dc8,0.0613,0.033,0.0472
0x6f26ce8ccef85afbc944567bd41d63d09d3e3033,0.7763,0.0978,0.1772
0xee8e91dcbabdb14e960bd2cff5e3467ff2733921,0.0438,0.0438,0.0219
0xc0112ffd1f70bd613585dcb39a60d6c7427b38b1,0.1997,0.0306,0.1085
0xdd61931afd18bd1015dd0afa140c973a17b07943,0.2269,0.0756,0.0504
0xa96d5593dbbfc24933945cd2e00d2d528c4d1071,0.1484,0.0531,0.0495
0x729401a685f4e7883e68d6b9e8802f834129b1bd,0.0252,0.0168,0.0168
0x5ed0a4ae3f97dc9704f12bce5e66a7302876ade4,0.0296,0.0154,0.009
0x85efa8d77f8d62701135bd159c78fa876d5eb577,0.0143,0.0095,0.0095
0xb65362ecd7f28e2c0563804c106dc23506732602,0.1558,0.0704,0.0603
0x0ebbaf2790e4044800b5d9588196046cbfe6301f,0.0816,0.0212,0.0375
0x7cebbf93a78674f0bd9324209490d02d53cce460,0.0256,0.0256,0.0256
0xf565513a35884b94f03d37c6e5470071ec0917bb,0.0438,0.0438,0.0219
0xb8e0e20cc601d17231fa8ae77e7ddb276ef1c1ae,0.0084,0.0084,0.0084
0x76d1006462cb31a708ec5690f997a19a276622ee,0.3041,0.0665,0.1132
0xc46c67bb7e84490d7ebdd0b8ecdaca68cf3823f4,0.2959,0.0711,0.1447
0x144c4e5027b69f7798b2b162d924bcae5c149f15,0.4216,0.0414,0.1532
0x6be57dbf925c47980517e9d5a4bae8dc8b3d0900,0.0983,0.0378,0.0378
0x5e26729061741b544fb1bf1d99083e19158479be,0.1277,0.0547,0.0584
0xa2d9f1075fe7f4a054327142b2f5db7fc52d4f87,0.0795,0.0575,0.0423
0x9bbb90ab68c9c38b7cd77e9a2427a563962739ed,0.0283,0.0236,0.0189
0xbc349488fdc9c9934873e740f38a2b3c792eb99f,0.0905,0.0524,0.019
0x34564b054ae5a72444fce3967db1722c8f0c4b33,0.0658,0.0412,0.0453
0xec1b9406cd784bf12820923b192ef6954b91a1de,3.3063,0.2835,0.6456
0x54f8e2447136ec5ce870feb36600ca6e17678ecc,0.133,0.0638,0.0709
0x3b6452c6c2c445ab37a4d47dfa1e7e00f4e570c7,0.0823,0.0401,0.0274
0x655264617f4c4f7ab3a6829e6757c3c207760dd8,0.3792,0.0646,0.1531
0xf57bab8bb35ea8e9f1f5bcb59bb22b9492b2ba23,0.0438,0.0438,0.0219
0x6ee864062aab4a7c878139d537e504c7af5f3e3c,0.1746,0.0533,0.0932
0x59b5dad80dd8ab278b50985c9c2feebadd2d1b30,0.2174,0.087,0.0901
0x44df1d91e20886cb55ad2329271df496b9ac2ffc,0.0463,0.0309,0.027
0x196438da537a2f80b43d82a6c6852ef5754d37b4,0.1508,0.0754,0.0653
0x47dfadeaeb6013ab77d6185a08a15aee5844a952,0.0255,0.0098,0.0168
0x0c77c848febd7cee88b89e89975a5c45eaf540df,0.7252,0.1672,0.1928
0x29058d45756a049bd60baaa9be69f643227d0e95,0.3106,0.1222,0.1222
0x30c98ab8fb66212634bf284f3c13b1e1fe61b3ce,4.5801,0.5474,0.5915
0x4bb469624140481e263731f35b7acd7d35073aac,0.231,0.0793,0.0724
0x81cf4dc7da0fd77274ed045866342f322ec62870,0.0438,0.0438,0.0219
0x825c0015f9e8da4249579d5155d0a646ea3003ae,0.0667,0.0519,0.0395
0x73b13c395a0acc4979b6492f89e2c279ec9433b8,0.0351,0.0268,0.0247
0x055ae1865a4862d1d1ca2992bb43316403947327,0.0455,0.0455,0.0227
0x6a74a217de101d0e7e52891c017ee44d6bc78cf8,0.0722,0.0206,0.0361
0xfd11e7aa7e2e549c1a611da9851674befb642dc9,0.062,0.0273,0.0298
0x824e4ec14251d0bd1c594ef96c3f9c77470dc7cf,0.0256,0.0256,0.0256
0x8075931e76b4641e23cf54a7d34c497e2ea53dbf,0.0485,0.0303,0.0303
0x0c9a5520c4d6022d19308312bfcec747c6e95a90,0.0438,0.0438,0.0219
0xdd51742eadf29da5bd59783484e445c0e22a622b,0.1301,0.0894,0.0772
0xd415b0cc965b84e460fd7e4af58e8efb15c76607,0.2011,0.0491,0.0651
0x2ebc84706eee52d3540c6ac9594d978cc40f6249,0.0039,0.0026,0.0026
0x7e6c020a231ff9b622c5b53542ce4be0de67563f,0.062,0.0298,0.0273
0x6bce1ea1395cb59d1d4ec85f602e9cd6dd79fa36,0.2903,0.1398,0.0968
0xbfb09ca4680735219364f1e17bdf13ddd3954704,0.0287,0.0225,0.0205
0xf10c4ccf7f8bb468cb57a2409a4aa61fcde9716e,0.0672,0.0252,0.0252
0x2e654c0fb467ed84efcccfeadbfe680b8eace0f6,0.1235,0.0494,0.0494
0xa3c337e7435da2bd47a65266d46dac9e67ffeacc,0.0695,0.0298,0.0298
0x6173e423a4286576bbe9c42e848453fe14c5767b,0.035,0.028,0.028
0x6e8c884b4e0dc4c7fb7125e4f41c248bead84a16,0.5099,0.1312,0.2153
0xfe99cb7011e55f1dd8c376f9134e24ef8a10b14d,1.1474,0.1684,0.3821
0xd3aecf9e0856822bd320873e905ae9f78a2977e7,3.6481,0.5074,0.6425
0x2da774e528a68afa4c344cf2e606f9c737233134,0.2864,0.1307,0.1005
0x48d65e83e91acb271aeeeeb8e3ff732df43a2bed,0.067,0.0323,0.0298
0x45573d71ac9ceab9794f51abbc546648de61e582,0.0256,0.0256,0.0256
0xfbc98c505bb8312e545e5bba60811c1c1c6a8daf,0.0438,0.0438,0.0219
0x34f43b3a5afe49c06866d849ae41d50e769ad7cb,0.408,0.1322,0.1632
0xc9550d6a57895480bcefc93fa969d61d9fbb6058,0.0178,0.0059,0.0178
0x52dc01082fc06a78ef3910c101b7823df3277355,1.438,0.2963,0.3967
0x3a3781870a6a50f15d20878414601dcec6075281,0.1898,0.0438,0.073
0x4f1efe177057db679a7cbe1cf92acf2ad5b7aa74,0.6954,0.1294,0.2513
0x5c466e3ba27381c722b78ab836ff62df14e0bcc9,0.1289,0.0832,0.0686
0x950b11fb204c994265e66e7117f1c35d6e4c141c,0.0312,0.0104,0.0156
0x129e918b2fd02b7d87bf8cb6ca7990ed377d9ddb,0.0645,0.0273,0.0273
0x2e087e4522faabedecac82b47aed85271c1b430f,0.0682,0.0455,0.0227
0xd0bbff6096787b83e007df077bd6469524a39d45,0.0329,0.0235,0.0188
0xfaf88b339299f70db9c41511bf85ebe6535c1d92,0.0504,0.0504,0.0336
0xe8332043e54a2470e148f0c1ac0af188d9d46524,0.3358,0.0867,0.137
0xf38447128a0337a0bbeb5233a93511e16f6c9877,0.0571,0.0381,0.0238
0x7301f91c95305cd2d96c8b4e6872c3a6531fb127,0.0438,0.0438,0.0219
0x9612948dda9d8a62736e1d234cf86cf76096e0c0,0.7166,0.1619,0.164
0xf2b22e4cfa1f9d20d6fec2e7225e14e72de5ca59,0.0596,0.0295,0.0278
0x4348c05f4d79b08877504afbb94700d5b661a7a3,0.0844,0.0273,0.0273
0x560dcb016e60aba833a5b4f8f1f379518d357f79,0.1123,0.0342,0.0502
0x70cb9c07a22502ff4a0e6c2e4eee038fba2b380a,0.1294,0.0647,0.0412
0xe866ece4bbd0ac75577225ee2c464ef16dc8b1f3,1.0856,0.0806,0.1929
0xfa3ff0c5218e6883425f90539d04fe0085deb149,0.0049,0.0025,0.0031
0x6d75b5c51c41d5361f5729a2d453fee4ef40e652,0.7177,0.1411,0.2628
0x55f975deee42efb1c66b05c3ca7fa80be3454fe3,0.0272,0.0272,0.0136
0x661e2eb1e64080eeeb5fa6e478f778f6d2858db7,0.1065,0.0468,0.0623
0x9496cfd96e5b407978225b29aff9f86fb042fd5d,0.062,0.0273,0.0273
0xf2c0149f0cff4c19b9819d1084f465df0e1b3795,2.6358,0.3815,0.529
0xb436141073efe6c21ac6be9a5bb0d1d74f0ce87c,0.1087,0.0522,0.0638
0x61b3596ac1ec9b14670780fb5b7814fc94073e82,0.0667,0.0444,0.0222
0xf6eabcf9cf4548e579f53fac29b4172ad9d4904e,0.6492,0.1895,0.3171
0xe146f5cabe52b923830b6384cb872ecff74586d1,0.1857,0.0788,0.1051
0xf344afdce482aa78fbe74dbcc2864bed45825bd2,0.067,0.0273,0.0273
0xa3a418f41860bd710f71be41e060e1d822d69353,0.0143,0.0095,0.0095
0x8ba37484b16fff196d05bb15329f61e00564d286,0.7461,0.1926,0.3257
0x4737c650eb2b67b35f75ebe83fb4d49d7f391cde,0.0933,0.072,0.0533
0x56a8b45463e747e6ab3e4d1fb922e371a18e4d0a,0.0256,0.0256,0.0256
0xa88f39ad32a278af362d7bc40e58b743f8b28932,0.0584,0.0511,0.0292
0x5434a34fb7431b899c1b88d8096e8d9cbb7399ea,0.0465,0.0228,0.0313
0xe9dea6929e8610a46b7f0e93637ca13c1010b8c6,0.067,0.0273,0.0273
0xf30f72c8eb358bcf457cdb759451bb0febbd6275,0.1033,0.0329,0.0423
0xd9023b28ba7f7b4a35e4badf3849ebf7f3324402,0.2094,0.0717,0.0893
0xebb3ffe670310647f10f6e7fdf4fe7facede824e,0.0294,0.0105,0.0189
0x81a8f3091f0d218e04349dd595e4b7470fee323a,1.9186,0.1365,0.4539
0xd82a831fd5e2a7b0ee396cfa98676953d7e48847,0.0814,0.022,0.0498
0x7c289a4bfa45b0ecf05683da58b1f025748c86a3,0.1127,0.0451,0.0423
0x522f1c88bf19b6fc3612cf74340a396790ac914d,0.0252,0.0168,0.0084
0xd47582494a10849fc0737afd50a2d5f29bbed826,0.062,0.0273,0.0273
0x6f8916f40bfb577845f1ef21f7712265f0d24eba,0.4597,0.1477,0.1577
0x8755fc0d3bbdeb742e001130008fc8de1c6f4146,0.4136,0.129,0.1862
0x7f6ca49d1e50671a586a76bb082dd6b3f73fef17,1.5036,0.3222,0.5203
0xc81ddfb43698612e038d391e52d93fcbe52932bf,0.0667,0.0444,0.0222
0x9c50AF7b5AC1c1fFB1086f23b51D6B5eBA1AA019,0.2007,0.0369,0.0761
0x9dd67a24332f10fc828fc474c1b13a6569568232,0.3624,0.1015,0.2085
0x9ba0022ec84e92dceac90d0a22e3a857ba37bfe6,0.1348,0.0611,0.0806
0x8e2963ee9e9de1c8169346d51e3b49a4196a5174,0.0709,0.0263,0.0422
0x3ff8788f9172d77a9688939bc00442c7be9042bf,1.4322,0.3467,0.3668
0xa338977e13e94ed2e62ac8a101179f4f404201a9,0.0124,0.0099,0.0074
0x8977d9e884521d35843059d865ca38624b0c47ac,0.0133,0.01,0.0066
0x1c71c3575f2a9d50ee4963a04565cd932c638716,0.1464,0.0471,0.0422
0x0a55a8c45d3dfeefcfc0ad79f86c01d62efc9daf,0.0084,0.0084,0.0084
0xa679084bcbdd533c6bd219885ad096f7042ceda3,0.4116,0.0494,0.1295
0xdf3673fd793a91d428627dbacd127f7dfba53792,0.0511,0.0438,0.0219
0xd7253254088cc83d4f36346cd36e8d3704aaf5c7,0.0043,0.0025,0.0025
0xb74b27308eca22a19c5caf50e14500de3eaf4e15,0.0667,0.0444,0.0222
0x8bc4f8a225d352dfdff16d40a368858a2bf609f4,0.0583,0.025,0.0167
0x520d9567cd51a1ff7babb9139ecc63d8923c3252,1.1108,0.201,0.3471
0x5f2cbc511ef0a92a473943672a7a97028ababc29,0.2749,0.1248,0.0956
0x228a1974d885abc5c931c0bd4699d8a39edec0b5,0.1053,0.0526,0.0658
0x32876762e453ce8b0b4c17e9b1c854d5f53bb9a3,0.0084,0.0084,0.0084
0xdddd11cdf393ee41404cec0aa0d8668e1e3b7f9b,1.0278,0.1346,0.2135
0x2e74d90e771feb64e7e34575f1b5a4a56d844258,0.1008,0.0407,0.0602
0x175842bee92ee1ba5ea14f622d88f24e83eda3e7,0.062,0.0347,0.0273
0xaa6fd0c3dd82e34b1a0ce7a526235336442fd678,3.3791,0.5897,0.707
0xb2103046e2c52a1f1166451eadaa455a471a4659,0.025,0.025,0.0167
0x1d2342237f49789f2acafe090367e6a8faaea9f6,0.0838,0.0305,0.0396
0xa5f7d240087ae4f45221e71260ee630deee393e4,0.0736,0.0429,0.0368
0x656718d9346660fd47114d106dc1fd9c469c2978,0.0472,0.0263,0.0329
0x3e5f46ad03a924d0c1ddc9aa311fdd265be312df,0.5289,0.1228,0.2269
0x80b566eded1c88356a5436f3852f2c44fdc460ce,0.0756,0.0336,0.0252
0xcfec5b7646e32e2e4359cbb5de2887ee79184cf8,0.0253,0.0253,0.0127
0xeb364b7ae50efbf8eced744e1f5da67385fa6e0e,0.0556,0.0269,0.0341
0x9aaf28fa2593e173fb602c6daa6ff375a29ca4ed,0.072,0.0298,0.0298
0x5dbafcc4c0d5bff1a4299980632079f6c0213e1b,0.0157,0.0105,0.0131
0xbd8c5806e5a43732c4e0f2b72fbe3d16f4ebad6d,0.038,0.022,0.021
0x48470b951271f70077de04904e7774611ccac837,0.0252,0.0168,0.0084
0xf766d9827ffb99d0f19c27628cfc73af9a85fa72,0.0438,0.0438,0.0219
0x150de9ad7e065f02b3d3237af07a3b127e82672d,0.2166,0.0847,0.113
0x9628f11c8fbf15df1307ad5284398ad7dcdf573c,1.0143,0.1569,0.3198
0x81ef0c0abc33e40c4bcca991caa831fa63fd280b,0.0253,0.0133,0.0093
0xa057b363b33d649f167caa9a869c0a2f476c69dd,0.1506,0.0783,0.0422
0x8d1302e89c16b05c74c0347188a7c94b6e9a87f8,0.09,0.0482,0.0482
0xb0773f23882141d75eaa17115b006f99c00681fb,0.0411,0.0274,0.0274
0xc72384306e199e68c15483a4d888eaea4c43d72d,0.1691,0.0933,0.07
0x02ef1e07f39cd6fd71bd5d68373afddf5de7bdc3,0.1898,0.0438,0.0584
0x7F138F7E240557eE4Bc28F2212D0830087f05Db7,0.0236,0.0094,0.0094
0xe9f76962054113231ee84ddffd5f0d66546c5045,0.0803,0.0376,0.0291
0xab87c9210fd3c55dbb68093e03844d02216a966c,0.0756,0.0462,0.0504
0x4247199b16fa88bac072575ebe240f8f2151d46f,0.0248,0.0065,0.0097
0x7f138f7e240557ee4bc28f2212d0830087f05db7,0.0236,0.0094,0.0094
0x00324d6fdbaa17b1a5256f396319d513aefbbacf,0.5326,0.1429,0.134
0xbd6b49f9022b8256862b8ade9979faaf98226cb2,0.0438,0.0438,0.0219
0x33e0c682b88729f7cfe63f193676e6c74d40e284,0.0667,0.0444,0.0222
0x1b021d0288fa79ed6004752a552b84dfaac99078,0.0991,0.0671,0.0379
0xb238c6bcd53338a9fa09b8df8d7f3c1652c293e8,0.0233,0.0116,0.0116
0xb56e4c1160422f12d3c92999a28e3bb52ee26f11,0.1154,0.0236,0.0259
0x917c74f4f723d1093f2a2c7490933b1d52fd8cd4,0.098,0.0784,0.0392
0xee17ba3829d1fae99d98361d1efa3461a3243fb0,0.0337,0.0168,0.0216
0x9b7a78f673678b247a3808496786dd16c61cdb32,0.0756,0.0672,0.0504
0xe48ad6e92db0eba37f35568ba707a7edb9d82de1,0.1174,0.0329,0.0376
0x257532a6da27e24957dcc84074528ab13fa09612,0.0246,0.0134,0.0201
0xf2aeb87d080a74ff64f3dc0e4ac6959bda1b752f,0.7941,0.1775,0.213
0xe7358d1805f27bae1031c37d54e29888c7c87622,0.1976,0.0651,0.1133
0xe173ea9726140f3207ec6453eae35ee8aff90be8,0.072,0.0397,0.0323
0x57331c1e3ff6b7a4220796c3ba5a0592f87403a8,0.0768,0.0341,0.0256
0x5dc4bfc95024398d11366308300f6fa7db3a53ee,0.5381,0.0831,0.2333
0x5268acb8fd4c7cedb441ca4f18ee9d3855ace630,0.0267,0.02,0.0133
0x98479e6d18580052e1ed593d5fb2f3353c10f10a,0.2373,0.1044,0.1203
0x98fae09ef5cf9e9e2ab83692983723946a2ea13d,0.594,0.0481,0.1062
0x232661e3163efb88d2568e0be18c40bbced9ce99,0.0435,0.0435,0.0217
0x379212c0506d1a182297928530dd38a92abfe397,0.0702,0.0411,0.0342
0x830d79c00fc351c11ef60f2deb16347098c9d643,0.0173,0.0074,0.0074
0x087393df7f02b9cf992783e67ef1c323660d4088,0.0123,0.0082,0.0041
0xd72d8472faddff8dd238b524e8cd7c48379b4637,0.0253,0.0253,0.0127
0xcc54b6b6ac07062b68dde88f3b5e3a2d68428be1,0.0768,0.0358,0.0273
0x5150fb55b7d59176a0ffb8f7c327fc79f2fa2347,0.0329,0.0118,0.0165
0xfcc45848f54bb33b9baa31314161b77d0daa93f0,0.0248,0.0248,0.0248
0x5398dbf52b123a5f3a7279e0d619176ceab85148,0.0083,0.0083,0.0083
0x3c7f20fad6d86a3f8b725ee4a79489341f0fb20f,0.1436,0.0633,0.0608
0xcf7a4b5ab9095c41c803cc2c620aafa6c2a8abbf,0.0433,0.0385,0.0288
0x8038a1b1996ec7c98e1f3e731876c64e900190fa,0.1457,0.0238,0.0773
0x460599dd4f30fc7eb69801617b3897917bd3e123,0.0327,0.0234,0.0187
0xeeb2bcd2f647f1f06463d4de4344c5e8e72a99b8,0.0288,0.0075,0.017
0x51c14dfe50ddde08231531b8120e01b17046627e,0.027,0.027,0.0135
0x70d4bf2316b089b855b8397ce7aa65cbec84cf48,0.0652,0.0435,0.0217
0xc18362c1dfefc5ef6cf2a24a04311d19172ca771,0.0356,0.019,0.0143
0x7ec3a418ba656aedd8d0d16669f69367ee73d152,0.0882,0.0504,0.0546
0xe681b3d81b012807b68db83b70050ce5a5137369,0.5037,0.1903,0.2052
0xf7571caa787899c59aa65c48ccf9a19a40e6c955,0.6882,0.1487,0.2025
0x02e2e690eecfe80b1b040d1b38411d7c1c9c3656,0.7829,0.031,0.1008
0xf59e9192ec0f86152f43e320a68b6537b314bea5,0.3326,0.0953,0.1047
0x2410a2e203de08bf48e4467ece6eb44afdccfa8e,0.0836,0.0358,0.0324
0xb2b9b19750fe287c935ba53d911eccdf29826eee,0.2836,0.1026,0.1267
0x7a61334b8e37a3cf1ea819972a6419a7205958c0,0.2853,0.0865,0.0769
0xe2b28d7cfcaf5a25a371759847bab00a82d9853c,0.0321,0.0214,0.0214
0xa75f84ec4c4503eabba540ef9f2d9a2f39b6f31c,0.0321,0.0214,0.0214
0xa714fe9b94a2c8348b2a53f74f884fede3a7bb82,0.0321,0.016,0.0214
0x19297ab5ef6125d3335929f6f48df36505da4a6c,0.0374,0.016,0.0214
0xe66398c20126e6c986670ffaf1ef60bf0a0cc1e6,0.0966,0.0407,0.0525
0xa08b90aee50e0fef55cc379beeaa906076f541db,0.7677,0.1615,0.2776
0x7f9aa868ef43e6d4116c01e0a8fec915a6d65880,0.4405,0.0648,0.1243
0xd05f3981be0ef813e3ca8a008499fae44069e845,0.2301,0.0807,0.0819
0x25645d4067bf887fbfaa363ab798304cdd91824c,0.0741,0.0436,0.0349
0x12954b55987136cf934365fd926244ef02f1b6ab,0.0795,0.0265,0.0265
0x888f1e9e93a4dee52ea9806d1b93b06eb3772730,0.015,0.01,0.01
0xfa5678122df2442587eab00fcb181889e26cb7e9,0.0672,0.0294,0.0378
0x451c2b091e204be4aa963d2adf90ba2d6f84cdbd,0.0667,0.0667,0.025
0xa2966908f05b065d7006c25d91f991b3260c9250,0.0607,0.0263,0.0324
0x4d00b44569c615f49f50814e4328f354b89e9efe,0.0063,0.0063,0.0063
0x2269c513e37f736553d7ba6f5da01c007a480670,0.2749,0.0629,0.1016
0x71b931f1d4304ffa08fa1de6e79c8537c815a10c,0.0327,0.0234,0.0187
0x2c400de79a2a368fa4b221df3d78948b0a42c29b,0.0256,0.014,0.0117
0xcce239f1465b275ad12228529737881a17c219a2,0.0112,0.0056,0.0084
0x8a11be1e16a2dd88cefaf97ed1727bb1fced79de,0.0533,0.0291,0.0436
0x8bea43a9e7ffbaa9383a645666896b66f97a7f5f,0.0652,0.0435,0.0217
0x71e352b83cbf0b4e7fa5efb3bb8dd16eca2daef4,0.128,0.0948,0.0664
0xa8c73ee57c268872b9d2d7a90e5f2e31af8493fb,0.8303,0.1271,0.2705
0x5f0a4405b5e004910026dc351f5719450f5b6752,0.072,0.03,0.0204
0xec509912c20f32bf9fd396eb64b2d6d27ab1744a,0.015,0.01,0.01
0x42fcacf18edcbbdd48adb50c45cc20eaf3626d67,0.2229,0.0764,0.1295
0x92f092d7c8540f97b61c28aa9b8c14c3e42922ce,0.5911,0.1788,0.2169
0x964afdabfe6e4881601605a00e0670b85e265782,0.0068,0.0068,0.0068
0xe28066972ffd4a344f16ab98269e2ca0ee56ed81,0.019,0.0166,0.0166
0x1eb0ae3c6927086479c4498d0036b8bfe88fa0ee,0.3804,0.0992,0.1389
0x7961bfcb447c58fb6c87abea8feae28b3a0bfb41,0.2225,0.0694,0.0861
0x5164cf3b0c8c0fdfe4bcc9cf4f1e8f7e39461a59,2.8085,0.5081,0.6008
0x950a89611a5858a4d8501776001584c806eccd14,0.2899,0.0761,0.0952
0x0dd1c29dbb6d155156446fff88d4c3638b11ec3f,0.1848,0.1422,0.0853
0x960865961ba536cfbf5dd8a172a907b09101cb7a,0.0566,0.0346,0.0314
0x08d4722114ba2989e9f6fb507c54d091290b8958,0.0253,0.0253,0.0127
0xb65a90b581fd6b0e43176e600a6ef53455a2ac45,0.015,0.01,0.01
0xd46f454477539fd0e8fe4cbb4aa321c6bb86c6b9,0.047,0.0157,0.0401
0xd312931633decc5552c492cf8a358c1dddf70d5d,0.075,0.0167,0.0333
0xD46f454477539fd0e8fE4cbb4aa321C6Bb86C6B9,0.047,0.0157,0.0401
0x783abb661a4048e5cb686a415af97079d621de54,0.0568,0.0293,0.0256
0xad3e8f5617627a1c486840481ffab215b6ba6736,0,0,0
0x50ee35eb223bf146cc26a18507b50450fb7501a2,0.0253,0.0253,0.0127
0x9efb9f8820d2bcdf5ab3cec44e388e4d90caaf21,0.0444,0.0261,0.0209
0x02c04e2d2c2a56992641bd9edbb7d1fc8e282bc4,0.1711,0.0439,0.0936
0xf6de3a4b17d5bb59904e926ec81f3be65850cc1f,0.1462,0.1038,0.066
0x3e32be399d27bc4773e5a24942d79d4eb8548b48,0.0149,0.01,0.01
0xcc84032cb57340044ce5e0f29019f75c32c632b9,0.5,0.0793,0.2126
0x4373c57d71fea2bccbb05c7a9587037a2bb5b7eb,0.4831,0.2365,0.1824
0x3d80b54466541a46d041fbb53b809591a57b7510,0.0809,0.0426,0.034
0x41ab76d8f45a7d7e4ae4172b0181295ba1728776,0.0936,0.0309,0.0448
0x5ecc25d1f658af69d9b59fcaedb2d9ee38254036,0.8462,0.2564,0.2427
0xe5de6a8b4ee083d15c0da6b92ec9fc873199fef1,0.1594,0.0986,0.0638
0x45f9643eca1ec8c1beaf3a901d9c1531225e6ff1,0.1172,0.0899,0.079
0x772e4d631997188342484a8c95eb5fa340c6ee4b,0.2622,0.1402,0.128
0x008daa3d9aacce56910c9e8c5d0db57461fbe0ed,0.0837,0.0279,0.0279
0xe39b53995e469103128e2a285e3a8ddd0097ad6f,0.0724,0.0425,0.0457
0x5ff7050c8164e85139d396e259da5d612ed6ff62,0.2203,0.1275,0.1014
0xabe9c43e756cdd02a52d31bf1d9a3598b63f40d7,0.2302,0.0504,0.0647
0xb3a1e718bc30aff1ab272a7a84ce9bc9d4266eb0,0.1274,0.0472,0.066
0x0e6db617f693660528c7da194b6c45b653250876,0.1588,0.0645,0.0596
0x62042b561fdfb510f2551c662b07754a58f81414,0.0977,0.0295,0.0545
0x6d02b421e334dd5481557ee013376646ff58bd29,0.0794,0.0467,0.0374
0x2946880393b99e3c16baf146a093bd0a746d46b4,0.0981,0.0607,0.0421
0xe7d63b3977113687c0dfef75d2b4b113796a0925,0.0794,0.0561,0.0374
0xafdf410bbe98128278bd2a39e9a0c9b42bb31e83,0.0888,0.0701,0.0467
0xec3baf8ce671386924eedbf4139debb6448ccfd7,0,0,0
0x9e66504a892fa84705c24a4bd41e67b6be581c65,0.486,0.1071,0.135
0x58457469b36ffc05739eb4587f9a6fa1a33eac76,0.0147,0.0063,0.0084
0xb5d638a43d0f8b36e6426cc932b319a342248f45,0.0247,0.0247,0.0123
0xb4fc9a7b8be45c14b6a7364667069544ea4cbde0,0.3533,0.114,0.1937
0x63ded784c8da63a79ee47f9a53bcb1bad1d9f3e0,0.83,0.1886,0.2259
0x070f52aa30e117224419b085b70aee570c18acd6,0.0625,0.0375,0.0437
0x8b82719368fd59ae5556c6e9ad0b05d399b1e4c9,0.0614,0.0409,0.025
0x55d0f011d7335080daf73d72a08957a013cbc582,0.0351,0.0123,0.0246
0x963af327e553eb2fc290bb99d50fbb9e88fab824,7.3728,1.1053,0.6535
0xf7e18ead4c3e3a7c39bc52a628d53b3b50400b9f,0.0098,0.0079,0.0079
0x4ed6c7aab085b4a50d77e35a0a9bc1b7601b8758,0.0028,0.0028,0.0028
0x3e3de331344a0aa67c78647574ae40967a553ddf,0.0247,0.0247,0.0123
0x0ce327b99ac92e6f4b96641bacbf7b3f550ffdeb,0.0059,0.0059,0.0059
0x495977567be36e2da0ea53b50c49fd7c7eb04277,0.0246,0.0246,0.0246
0x4333fe9a327cdfdf4f3acc72f4522f616c4acb0c,0.2248,0.093,0.093
0x864252e3dfaca7a9d4d91a57874541da01014dfb,0.2403,0.093,0.093
0xc9a4c474c8de8b52ec15586e8b191be866af9ef2,0.102,0.0397,0.0425
0x77d23753249b48a0c8debf4167a29beee75971ec,0.0331,0.0248,0.0165
0x946c935b02b5c83e285de814aea674470dacb0d9,0.0905,0.0312,0.0341
0x1220ceedfa479b1850f73000b4ca5ec0214f947d,0.0638,0.0426,0.0213
0x7c31fd281bbc4ca4926c5177163fec6e29f2707a,0.0606,0.0192,0.0192
0xe7cdd6583b674af8d10b89899b134c41846da0bf,1.5107,0.3021,0.4171
0x7bbd6d43122831354784c49e05bc9918d343deea,0.1944,0.0679,0.0741
0x2863aeeb18b3a134d7c62ae12f65de995f30fbd5,0.0267,0.0074,0.0134
0xa6ca1ab68c48e22b26acf705bff1292d028c850e,0.0566,0.0352,0.0332
0xa181a3c3460ad5a2650f380352e3e68111e3d60e,1.3631,0.2912,0.3533
0x803b8048a0486664339724C221978662dc2056C6,0.0431,0.0345,0.0259
0xdc69e38d2098cce95c040b79d99e266b270111bf,0.1955,0.0856,0.084
0x73359777ac860f9b07d3e082ba349ca39c50f3bb,0.1275,0.0754,0.0522
0x1288eb6e4ff3e5db66f70ac19bf0517a603f15cb,0.3196,0.0934,0.1646
0x9cbc8c9d9de89c4f2ada88303a690642345fd7ee,0.0583,0.0292,0.0292
0x3f4c0c96037976df2f7a5c287087c9800a658f8a,0.0656,0.0437,0.0281
0x666cd4dab55015a47cf8625d7aa9551c68de4b96,0.0352,0.0088,0.0132
0xf0b481823ce1fd808f2196a2af17239f0f458b25,0.4963,0.0728,0.2158
0x3db5868b2edbcf75246691599b0441b0b65ec1a2,0.1106,0.0468,0.0404
0xe5ab6408147f794b34c59b6f5d817c2119aef53a,0.0116,0.0078,0.0078
0x11191da3c84822c947e9deefe40ace2fa403a873,0.1566,0.0657,0.0985
0x7798917e34ccd2cb959032dd3afc33b912c64859,0.0149,0.01,0.01
0xb1e096959ab669b01294dc3314f7bb1a414bcdac,0.0143,0.0143,0.0071
0x458090a7d71d947629b717c296e18c0e75b83e0c,0.0326,0.0233,0.0186
0xc29fc038cd055842d466281f609c319bde595017,0.5632,0.1368,0.2195
0xb2c659c4b388e0840f581b1c21f5ca4f9f823d46,0.3861,0.0991,0.1834
0xc5bd000bf7d20bbd3a797e40dccadea20ed868a0,0.0149,0.01,0.01
0xce07f17b150e986b605f426938d07204179be16f,0.1028,0.0654,0.0421
0x0f01a0c3f5255745f31a7fbd555ec6461f405287,0.0968,0.0296,0.0452
0x08980f8b217a9e69b878495a65f3443477bd729e,0.0388,0.0233,0.031
0x5c41d5ef00014f96d19ed56a72b96cbdbc1fe27f,0.0841,0.0654,0.0467
0xd2c459786d93b9e238ac9b8c846b20e5afe6a689,0.0935,0.0654,0.0514
0x72c32439f4b33f5b305f73191d38163a9b4a3ac5,0.0149,0.01,0.01
0xcfc05086654956d45f5208c07340e2074f72e108,0.0432,0.0432,0.0216
0x7837a03aae7afb76539506388ca1cddc797a1abb,0.0417,0.0152,0.0076
0xc000ab3e746e69f417698cb60dc1b20dd5f8f62a,0.1024,0.0542,0.0482
0x79f820bd5362951031fb694503bf1d649e49f40f,0.0149,0.01,0.01
0xe3407a985f9d8e9a43c8a6a6a4a99072d0ae4b7b,0.3404,0.0454,0.1137
0x36c5cbbb2a27d443456a9d8094f5982d83ca01bd,0.4015,0.0438,0.1095
0x9931cbfaa29e4f71a45b14136335f6973151111e,0.0413,0.0248,0.0165
0x0ba8d3c92217d22b15b9f90410dd3848a02a3113,0.0149,0.01,0.01
0xdb3a2a25b29df9383ff57f32aba320da3410d245,0.0476,0.0298,0.0298
0xfc33a8c6aae278ce805902e67a1b9747bc12db03,0.04,0.0139,0.0157
0xde216c2c7d502c58a3c45566f2712796777718d1,0.0432,0.0432,0.0216
0x15c3d6298743e3115df3794f6da20ec4079d1eee,1.2908,0.1926,0.3838
0xfdbc78981b1c4228773eca347909ffa3c8118125,0.0373,0.0104,0.0228
0x566e3171b980dcd041ec0696e10c73fef191dcfd,1.0019,0.3469,0.3043
0x90d9d9d4169ef1206977c90f7d9ddb415bf3542e,0.0317,0.0159,0.0159
0x358421d1477677e872a8fc8fb60d5e7369c115b8,0.1054,0.0374,0.0306
0x01f62aaab573774df981c72cf01c355e198da866,0.1075,0.0654,0.0514
0xa75f6ed8b523a50c4dc0bb65ccaacfc784ffcbc4,0.0495,0.0275,0.011
0xecaa4b11c74af7bb432d992d8461754151def4fc,0.0432,0.0432,0.0216
0x374e577ec6b79ea032abfb6f6f67a5efaa3b0806,0.1207,0.0459,0.0306
0xc2b35534e47cdf3d787e01630129631d8270abfb,0.8586,0.1892,0.2737
0x01e340ba9d1ea0f8d7f3b9e07b2131eb7a9d0f3f,0.1327,0.0527,0.0357
0xad83880ad5fc9b3c5d0f134bdd4ecc32159a0155,0.132,0.08,0.076
0x6cccd0602dab05351f25af74b21e14871f609ca3,0.0841,0.0654,0.0467
0x94843434993f2efc1a8fdc47f713c0f97f138e03,0.473,0.173,0.1405
0x48b80b6ad3246dd138c0650c9639699bf046f72f,0.0719,0.0267,0.0349
0x5c9aaf43a13e328d74af64e59ed601c9b8426c8c,0.0827,0.038,0.0358
0x6cb0a61dd04c90e80000469783f0ce21eeac312a,0.0873,0.0324,0.0299
0xd13ef54da286bfe01e3213fa2cdc05264457e6f4,0.0389,0.0212,0.0141
0x3395d204c316148d852e751ef43b606a1eccd5a3,0.131,0.051,0.0323
0x3a37c297dCB086F1aEB32fc5219Ba9Fc2792A333,0.9092,0.1111,0.2911
0x3a37c297dcb086f1aeb32fc5219ba9fc2792a333,0.9092,0.1111,0.2911
0xeabd9ab3ebe4056bd148ad06b5273f2f141efa6c,1.5044,0.292,0.3385
0x45e1e6e36e40422b106ce0a2b0d57bd2aad3afbb,0.3189,0.0557,0.0495
0x746bb7befd31d9052bb8eba7d5dd74c9acf54c6d,0.2609,0.112,0.1199
0x5de184ab910b5bb6871e9e8c8edae21521515a3e,0.0143,0.0143,0.0071
0xdf079fa934d1866a5a2528ece9e4e756d79fcc74,0.0894,0.0468,0.0383
0xedc62db8bdf73ce6d4f422e7da024ef8363ccabd,0.0033,0.002,0.0013
0x51fb007343726cc4148a8adc9b755179f41d10ba,0.1633,0.0563,0.0799
0xfab738889b445d589f85727c05fcb16c935b19be,1.9435,0.1729,0.3341
0x09939b6ae30311c7826fd13b19556ac77b86ffc4,0.1854,0.0756,0.0902
0xbca065f8b489757669ccffd0158b71b3bcc8c9d9,0.0952,0.0688,0.0582
0xf4f15fbd9a9a109a7958804e0aee656660c44d06,0.1327,0.0544,0.034
0xfa92032a4fa4f1659974f6f20d42cc40a9ff8f94,0.0331,0.0331,0.0083
0x22f316df090c6f0ec4e92deb71fb8cc6582f9780,0.1091,0.0455,0.0455
0xcc260f290451bee9fb89b50fd860e337a03088f1,0.1462,0.1132,0.0566
0x652e6ef97057f55c8073af9476d45db2c3897b3b,0.1604,0.075,0.0708
0xde8fb77fb8211f779a30e203c456fc61e806e408,0.075,0.0314,0.0366
0x5d5c54fe70839286395afc1f08e8c62515bdf371,0.0659,0.0264,0.018
0x34ace2b55b67a57d889787d4d89a4723add5a643,0.0386,0.0343,0.0258
0x2a812626c2838dccb53fde027fd4d6fc3f6d7ce7,0.2104,0.1117,0.1299
0xbbda2105cad063e7bda8c4a241be8bb715196e6c,0.3313,0.0372,0.0341
0x14a4e179f124960039e9936519c3a1f62b8f6355,1.1042,0.1572,0.288
0xd875e22f76629bf52c6f66b1ccc238333f806cc5,0.0665,0.0229,0.0229
0xd2169b0c66151ef389537631f643240858335cd8,0.0247,0.0247,0.0123
0x9f73861b126657b766387404663f7f937d5b7c1b,0.0326,0.0233,0.0186
0xc3125081bb43783f9e382ed8d4f5dc117e865a01,2.7396,0.2899,0.4595
0xf0a686a6a7ed8d04e58c9990fd1555c71e30caef,0.1579,0.0574,0.0718
0xffb602c28631bb6d1da34ec5a4ec48a84a73bd8c,0.003,0.003,0.003
0x3aaa363e21424ab8fb598f5763ba874bbb0b600b,0.1757,0.0568,0.0926
0x68a8b1c2482605d01429a53bad51acd5c4778caf,0.0705,0.0249,0.0373
0x240df0da944c11428eb9f8ad197cc211fd8d82ef,0.7756,0.2305,0.2733
0xfbd909fc9aa5df75e8c1cc866ce6813938dfb67f,0.0894,0.0468,0.0383
0xb2148411fe811bea44d269130ea1adf0e1fb92c2,0.0331,0.0165,0.0083
0xbf1f00e5ea7a26cdaa3555bfc8c8ce17f7c9bb4b,0.0267,0.0267,0.0133
0x6e5233812ce45775ef0465fb26ae2962da9ce56f,0.0562,0.0124,0.0213
0xf1650141c8d8f79102e7148023d9b6ffba9e28fc,2.6,0.2806,0.5851
0xaf9fa6e461630ad39772ab7c7d2d692baa041267,0.0415,0.0192,0.0192
0x72e1638bd8cd371bfb04cf665b749a0e4ae38324,0.9144,0.1537,0.1877
0x31bd6af657bb43b0a018690f9dfb9cba681aa8e7,0.1092,0.0546,0.067
0xd3b45909fd1743c82d02d1dc27f810fe9f558899,0.0356,0.0267,0.0241
0x2df3aba5bf2ef7de4b6fc2035de5cf6b3042eaba,0.0434,0.0205,0.0251
0xa38d435ce5cd38493d50f3891673eca3eb7fe223,0.122,0.0732,0.0549
0x6f3c221c379fce8cf8b5849e12c8367a42e3fbbd,0.1562,0.0729,0.0625
0x52f9cb7a8a824a5505909df57ca3a26079b61d02,0.0297,0.0121,0.0202
0x71381763dca433eb2e3221f3afdf09d9aeb3342b,0.67,0.1551,0.2134
0xb5fe78b70016ec10e33146e6c55114bb95c4f1a4,0.0698,0.0279,0.0233
0x1e3c835611394924828c6ffcb5f5e1f8979bf4be,0.0248,0.0165,0.0083
0x267db67f019d05907f5594b42340b666387c8f83,0.0247,0.0247,0.0247
0xad9faa802036f568a7ff744e1e912c32ad084a7e,0.1144,0.0513,0.0489
0xecb1098cd61cf565bce605a0f5caa1fe771e93c8,0.0083,0.0083,0.0083
0xbe014c54e461b8ce0b05145be535cce5e1cea179,0.0851,0.0468,0.034
0x3e0619f4301f6b8f013fc603574bc52484296c2b,0.4135,0.1404,0.1288
0x9e66b126f0a0294a15db7eb376632f30334a3497,0.1429,0.0745,0.0497
0x50c729a4e82106b83b4edfe38a65935f45366391,0.0196,0.0112,0.014
0x9f279fa71319282d12e15162e75e5a451161dac7,0.1121,0.0841,0.0561
0x7c05b0573a6a9e14fadfb6bc6c3d88947000bc09,0.0083,0.0083,0.0083
0xc04db9b4abeb9c20b76c2eaf414f048ef170426b,0.0551,0.0394,0.0394
0x5a8150e32f4cda137cbebaec14af39c1e2a3617e,0.0223,0.0112,0.0112
0xa4f348aa049d29a2eb7b240c1a9b9afb50a2f2e5,0.1528,0.1135,0.0437
0x2036456db599d687f1f82d5d574a04173c71c6a3,0.0161,0.0161,0.0161
0x8be3fd9185a2a58d39fe2c9e318a45364f78bdc5,0.0579,0.0305,0.0198
0x07112e31fc964c4d82d2eee5cd18f1099aa20740,0.1067,0.0395,0.0553
0xf343a87eef50506e162f52d5ef4c7702034bf4d5,0.04,0.04,0.032
0x56ea2bf0555980d63256e7b991909b67c191eb60,0.1818,0.0985,0.0909
0x117ee6900439036dfd811ad8dddcca8cff9230fd,0.0402,0.0201,0.0259
0xa07dde14225873223bae1e54e21fe1e6c471401c,0.1138,0.048,0.0392
0x06a1d9a9ab8849df575db1b30e8f4cc1df6e5ed6,0.2943,0.1208,0.0792
0x8a6455e6f21dff13b8b3cae7ac471f7d3f431466,0.0233,0.0155,0.0039
0x95ce4d8438ba4d3077ade9dec9f3fdec1c497e9e,0.0477,0.0093,0.0207
0x8821efb68417bd853b89f056c79106ed84fede3a,0.1578,0.0728,0.068
0x90457df24e85e174e61ec62fbab1a6ef34874d7c,0.7309,0.1359,0.1845
0x76e9f195a9a4b8469d778d84ccd0adc12af71d1d,0.0981,0.0448,0.0597
0xb91199355d47bd1bdce92eac931524a2dfeb6a6e,0.0049,0.0025,0.0031
0x0832f6a17866f634289f8d6d3fdfdf04f2bc051e,0.0305,0.0305,0.0152
0x0a1d04f02d97db959357e6c75ff06c681938f0f7,0.0123,0.0123,0.0123
0xb749a586080436e616f097f193ba9cb6a25e7ea6,1.2906,0.283,0.4792
0x9092164dcde75456862c7ac90c52120fa87094fb,0.4688,0.1583,0.2192
0x16fb1a2c8ea1bf58a3026cbb3d1360b90cb5efc0,0.0167,0.0125,0.0125
0x001401f33c772ee5df6b3d57ad6a042a947fd03c,0.1055,0.0548,0.0527
0xba4a1c654859a2d5f603acf01afaf38f32e1f2bc,0.0827,0.0264,0.0276
0x1a86671b769c9f244dc1fcf3949dc76371704507,0.0196,0.014,0.0084
0x5f0d02afb63f19f2e8fa2a5729c008c03e31ebd0,0.0979,0.0511,0.0362
0xc9bacc8a8cabda5dbfade2fc2740e2aec7414912,0.7112,0.1394,0.245
0x7e34d4fa4bd936d5af2ddf5015f43fe5977b9689,0.1857,0.0459,0.0454
0xac05129061a34853dd9f2957b8583d40a53b2920,0.159,0.062,0.0755
0xe61f250260720613972757c9e6b09ba286f686bb,0.0551,0.0233,0.0381
0x7b97d7f53f45f436b75bfdc2210157203ee49947,0.1116,0.0326,0.0326
0x28f3a08e73d3356a3c93a1445c3d005af65787f7,0.0412,0.0177,0.0188
0xbb000c531a17936fb9be12701164e8abe063f6c8,0.0567,0.0213,0.0227
0x47ad6569ea3fd2bca39bc1f96bd115c113e8f833,0.0446,0.0178,0.0267
0x0d0a642ce2553c88a2e9b7fe5939d4b6cf69260e,0.0557,0.0372,0.0217
0x1e4ff76fbd5b708c65562c7869c523a6afa7606f,0.1368,0.0691,0.075
0xc0bef5411e46fa7e4372b5636318aec679052347,0.0305,0.0305,0.0152
0x2e6d956dc8f2e016de427bb3dd75272032578aa1,0.4622,0.0767,0.1501
0xe292e8a7f19ec38d1487a8212120116357bce0b8,0.2078,0.1091,0.1039
0x39e69939ce6ae5135a107e5f05af6089c462a272,0.0452,0.0452,0.0194
0x9ed5641240246d74c56c4e1a8b9b3c84ad8d0451,0.0299,0.0299,0.0224
0x7243bafd0ca35f90cdf392863bfa022863971690,0.0191,0.0054,0.0136
0x75581af09a152f6f3df229aa1946a96d747ab151,0.0165,0.0165,0.0083
0x4b53e317c5fed469d9da4ea1e7ac9694def4e82f,0.6433,0.11,0.1748
0xe48e3932dec87a00dc2b10acf253b0daf6d280ec,0.0123,0.0123,0.0123
0x9936171ddf3174b3b28a59c5a45ebe685558e384,0.0193,0.0104,0.0089
0x629a12362a004e98973b3709439cb02ea6086c0e,0.0305,0.0305,0.0152
0x65f452baebd61f0aa79acbaf151c4fcec375e275,0.1489,0.0553,0.0532
0xf8193e7e817dba222733ce16cc93c9b01428f952,0.2195,0.0732,0.0813
0xef45d2ad5e0e01e4b57a6229b590c7982997ace8,1.5562,0.3855,0.4498
0x386ff2d21c0650f96b6d2a8ca0daa9ce0a7f30a2,0.0385,0.0149,0.0199
0x372af201ccf4e72c60a3ca4c6f0d5df433a32dac,0.3032,0.0513,0.085
0x0deaaaa11382b2bd5e29bca410cfea2c59864c84,0.2459,0.0902,0.0902
0xcc39f4f4a764b118e1a39e2def59559e0f886aa3,0.0617,0.0264,0.0463
0x549adedbf804d8b98300a1d73d725f3889c66441,0.2083,0.1103,0.1029
0x4d77cca9c574651a15436407532b2dfaa15bbb9d,0.0163,0.0098,0.013
0x7453019b806919563eac33870fe5f8e5154fdf38,1.3885,0.3231,0.3462
0xf504831bd99af3de4af2f1e575f83a215e159737,0.0408,0.0408,0.0204
0xcb05e3e50aec5daa4365314d04714f9da790dc0a,0.1711,0.0512,0.0833
0x98442f6ee480f01ab548e7f79d2cf68e5f1aa0f1,0.0558,0.0457,0.0305
0xda66a378f93549a541fb1d15379307198d7b1fe7,0.125,0.0708,0.0521
0x101483445b35e54f93a7415f7937314eb7c47b02,0.0279,0.0233,0.0186
0x9f901956d5f47e82478f3d5371ae3f152848d132,0.8615,0.1527,0.2383
0xa1581ab558c689dd5059fc8addf87f574553c1f1,0.4631,0.1117,0.1839
0xb48d17ffbb38e17637bdaf3a719add2a051615ee,0.0981,0.0448,0.0618
0xf4e4c5e36dc7a840c6eb27e7c89d951a2ca31cf8,0.0196,0.0131,0.0065
0x3d7518ff9983ea7bc83e604791ab72f19244b9ed,0.0305,0.0305,0.0152
0xe9b298176da7698a93c623f6adf7aad68e75decc,0.0745,0.0268,0.0432
0x728442017e5e1afdae4400c827c113182f90949e,0.0331,0.0248,0.0165
0xf50db58a49be1a621c33ea298beef084eef488ef,0.263,0.0787,0.1106
0xaac86145680870b1882e396783beb12aa514a4d3,0.1463,0.0569,0.0407
0xabb9ac1f97fb9b40a538b41f7f5e3681d4495be5,0.6653,0.0664,0.1753
0x4588943714a77f89cf355e33ec5c37c1a9144e5b,0.044,0.033,0.011
0xb3f520a905b6e2d7d63d382caee925c48bd6540b,0.0695,0.0311,0.0168
0x7f38618afa8a15e6c7f2db3f8b470ed71685cce2,0.0165,0.0165,0.0083
0xb52e056572e091dfa12beb038d898b27292aa4ec,0.6881,0.1717,0.1903
0xa549aba0a4f685ca31afc7cfd6020f173b613421,0.0682,0.0568,0.0227
0x9bee988bf4ed024fcb27e6d0a0169d970e0b94ed,0.3688,0.1022,0.166
0x6aa397865a37674abc8ccee4344ace1b9692b3aa,0.0305,0.0305,0.0152
0x7d164ecc1e641b215f0513a4dc962e34a98d8c52,0.0132,0.0099,0.0066
0x3040909fbda40b432044c95a136d21f3904f53bb,0.0279,0.0233,0.0186
0xf754704a5f14af5bf705a1c5a956d44d49dc887e,0.0247,0.0247,0.0123
0x0bc8ea12329931c8facb93f7fb5a857f03869e29,0.0654,0.0467,0.028
0xb864abf9fc4d89ff8fa4b3a97735168430f12750,0.1103,0.0518,0.0728
0x4073Bd859bC856C7267f08794FE1f19323C95ff7,0.0857,0.0385,0.0578
0x4f0d41bdcbc009cbca3b79ff697bbdd5e3c7b91c,0.4618,0.1908,0.1641
0x4f488a2464993ab4aa7eeffaaee6fd3ca4625318,0.0164,0.0164,0.0082
0x3a9bdd0ecf1612cb30442b41b615ebd2987a019d,3.2761,0.2547,0.4638
0x3312c59efd786191a831bd65c384cf3aadd581f7,0.0848,0.0417,0.0551
0xc54570b8eb8138ace95132b944b7b6bb391976dc,1.2381,0.166,0.2989
0x258a19cb57c17fe0197b5e9e4e594933a980b5eb,0.1544,0.055,0.0505
0x2881d088dedfa85bb2a0244ce02a58df2b3069ac,0.0305,0.0305,0.0152
0xc7d545ae622b42d71ed1f373e68679eaa871b305,0.0228,0.0158,0.0105
0x3d0884aa585b3c52e475d58898144de63781f24a,0.0539,0.0092,0.0223
0x5c3b6880f6e8fc5e63233ff8d197164bab8712d5,0.0866,0.0551,0.0472
0x07ed3e8e3ce42087e825011c316e17f0051cc983,0.0598,0.0362,0.032
0x6a3f5c1d6786c61057ca22c2bb046810df8144f3,0.2078,0.1117,0.0961
0x3a7cc76858e735924250f2d5d581c8e596b499ae,0.2885,0.1072,0.117
0x78d6f990edbabc0c5816e48da6a6500b55995dc2,3.5495,0.2816,0.5936
0xa9811f9f6b8bca7f9f91f850a98310e63fbb7326,0.5231,0.1884,0.1831
0x9d8f5f9eaad08ae7a841c43c0f20b40f78bba0fd,0.0163,0.0163,0.0081
0x3981b93357ce15c6080a8344666dbd8beb5ff8bf,0.0164,0.0132,0.0099
0x9c12a691df61abab08b84d136be8a54fbd1c5c7e,0.1116,0.0326,0.0326
0xbb9560f355762c4bfc4af3af6405e6a61bac2d87,0.1567,0.0641,0.0741
0xf21b24e6d87c7e5dec3e419551829f6b39dbb807,0.0153,0.0127,0.0051
0x17f4d8aa61aa3862e945c0ff78e6d16c7e897267,0.1272,0.0592,0.071
0x977d9c937650def24d29e9914ce1d1a21d46f5dc,0.0403,0.0242,0.0188
0x27d8998aae4ad43aa30b77a97ae7fd1d7a214304,0.0492,0.0164,0.0164
0xceeb54b24f11d306f3e65205c4b059f44df8a9f5,0.0305,0.0305,0.0152
0xba4c6b8442b2a6b0e30060e6c14470115f5027ac,0.1639,0.0511,0.0658
0xc3986ac1e3c682f734c687c899d73da7e0524ad8,0.0948,0.0339,0.0384
0x8314f92db7c4aefbc3b77f9083297ef64963d87a,0.0267,0.0267,0.0133
0x74a5b346f2cccf06e2127eb6680389e7d8953c80,0.9169,0.3067,0.3514
0x03433830468d771a921314d75b9a1dea53c165d7,0.3914,0.1277,0.2073
0x0aa599d8a9a1418dc2df0bf24095f7d87c0b1929,0.0279,0.0233,0.0186
0xc9e42231751bed332e3244919e978778dc63b109,0.0147,0.0073,0.0122
0x8c2191a962d7a3d7f04770fb1852428e353f1932,0.0132,0.0099,0.0066
0x43cc59434703418883ab6a0959724eeae3ef3817,0.162,0.0694,0.0694
0x0d837c5d8e3af29850df78120aad9dd20055dca2,0.1529,0.0647,0.0353
0xdeaf391a3fc5fe32f768a550b98d2ebb2f3550b3,0.1517,0.0897,0.0655
0x8017422aeb2de85973c44ba2b7fb68b2133cd52b,0.3062,0.134,0.1005
0x6503df2d696acd6bd7f9174115acba6574007419,0.0827,0.0491,0.0439
0x63135ee630134e99f8b027b92a93281631a4595a,0.0508,0.0457,0.0254
0x15c27ed229c6c345748603ea5dd53f6eb18b7eb7,0.5467,0.1261,0.1605
0x73765a21ff0a9640d5879aecc0ba7be10802311d,0.1971,0.0629,0.1043
0xe6bfe8db0d4c51a88e61e1ed7f92d00978a232ae,0.1882,0.0882,0.0529
0xef79d51b67c11881228d0724a6c258a594da8276,0.0627,0.0406,0.048
0xd7215c8a52ac969fd5118a7a2bc800be155fd6af,0.0191,0.014,0.014
0x996a5e66dcf1b7ffbd02ae33672c79e37a6ad553,0.4882,0.1476,0.1988
0x3f91719cc65421f63f83f9f80cba93dd3ba134d3,0.1082,0.0409,0.0541
0x8dc296c44155b40e700690234ce69c1dacd3ed12,0.0585,0.0342,0.0274
0xf5c7e89021183cb51409829f07eedb855c6b83de,0.1609,0.0594,0.0719
0xc9c15f41e87199835f321a2707b3606bbff97226,0.2267,0.1511,0.1111
0xf8f8524985dc192194d760abe4151479df68f123,0.0508,0.0297,0.0424
0x928416d569cab90c6d3286f254496fef7c98dc16,0.093,0.0698,0.062
0xbb8c7cce32f6d353fd49836d54f16f39319c5b3c,0.0164,0.0132,0.0099
0xa5a25adcfd24b980e480f875aa2086571047e14d,0.7081,0.1891,0.2189
0x8d41f8b40eb2b78e336fec5cadcab517988898e5,0.0742,0.0308,0.0182
0x5b46af52a719c26e466ec9c1f78f899070d8c38c,0.1224,0.102,0.0612
0xa16d5719d5b8694b59f4b06117747f121e2d7523,0.0305,0.0305,0.0152
0xf488b060034d6b39dffcfce250003f338d48dab3,0.0602,0.0396,0.022
0x4bcce447ef76aad437c5b5e60de4589ba2c3bfe7,0.4348,0.1615,0.0807
0xd6a11e75f3fd30a1e4359900c83797bb0a75c367,2.6957,0.3043,0.2422
0x10ad8113e1348247aa3c78a706b1eb5b2b5bb75f,0.1989,0.0753,0.0538
0x915b08cf502a80bebfe1a357c282fd6f572bc8b0,0.0855,0.0674,0.057
0xd2e0670ffd8ef0fc49bef32aa80557340c2678b3,0.0599,0.0218,0.0399
0x681bb473da4045b26fabc040ca9c6c5e80cbd451,0.0744,0.0303,0.0364
0x0dab8ddaf5a33072080d8a4702e9dfcd385eddcb,0.2708,0.0928,0.1042
0xdd3578f00971a99c5d1c9f9a993235aca7676cc8,0.1071,0.0518,0.0536
0x9d062bd94be90ca9fa542a5190195bc9134eacad,0.1708,0.075,0.0708
0xa3ab7a7ca23e71b57dd6f7e33146ac7ad589d3c6,0.25,0.1121,0.0718
0xc020b5955b7ffeb9acec61599592f50ebfcfdaa7,0.2617,0.0683,0.1152
0xeceb5e45d32c7710de8352b95e307d806a5f3523,0.0305,0.0305,0.0152
0xc6935f3c62566af75e4860b2f8a55fa3f6608c1d,0.1782,0.1006,0.0575
0xbe719d9d50c45c1c9bfa9d85a297491dc9fd5947,0.0164,0.0164,0.0082
0x4b87a6eb2d36d7eae1fa24d68cf74c2d9a14cff7,0.1684,0.0175,0.014
0xd1c9dde98763ff45e43e844188afee8d5a963248,0.0305,0.0305,0.0152
0x89379ba42793d8b25c09e69c3c097c87bd665085,0.0739,0.0396,0.0396
0x9843ceddd106e34499cb57f6e6ae7edfacfb50bd,0.0902,0.0492,0.0328
0x4dffddee012d78ccd7d30750ebb03240345edf45,0.0874,0.0279,0.0364
0x7444b9ca731c287750348c6010cc04ba8c90112d,0.5885,0.1257,0.242
0xd2fa7c5eb7f160ae81514e1a2f104d586581bf5c,0.0643,0.0147,0.0423
0x78d2d8594e5846ae5b904a72f6d0c21cf6aa30ee,0.1111,0.0397,0.0476
0xcd124fcb27c02012075c80b1ec5acf84e12a9ad6,0.0355,0.0355,0.0203
0x693edbcf118ec982f5a8101498b6c789470b0b89,0.0978,0.0382,0.0457
0xd30b4753a4ff2cc47a2ada84a9a85058da16d2e8,0.7146,0.1556,0.1988
0x4a9a9687dd03f2dddbe68eb56c20cc0cadac7ef3,0.061,0.0224,0.0305
0x11783d3c82cc11b0b675a2ac44ae14e14f19d9cd,0.0139,0.0111,0.0056
0xa5f9f2bb087c35f0fa822878ac208370fafcf057,0.0538,0.0196,0.0254
0x22f6edb55790b0fe841c5ba9aa30792ebcb55863,2.5364,0.313,0.4384
0x644be8a25be30a21e2dffeae4fc43937fbcf3efd,1.9119,0.2469,0.3299
0x1d15c9399edefd0093c5459db7e135406513f79b,0.1257,0.0808,0.0629
0xc81cb0c1d20953eac33db97bf961d33f988fcfea,0.3182,0.1477,0.1288
0x592cbc0cd23129e5bb91c2404064009e62972938,0.2916,0.137,0.1429
0x4ca2a670bd5505b870b21331a53d9bb4ae6e2084,0.4649,0.1272,0.2076
0x64ccccdb1f99cec55038fb7167a24c7393e46b21,0.0276,0.023,0.0138
0x798bf0af61e2971ccc9f3ad0adc8d3b28f5f2ae4,0.0302,0.0302,0.0151
0x951a07db6ed8614cc0888ab87ef62de094d5e6a5,0.1721,0.0574,0.0899
0x37a4ae453a65be11792999a2655079b789797156,0.105,0.048,0.0498
0x62f82f95502de8df1bf915ac5c35235ea88eca94,0.2766,0.0709,0.0993
0xe4c5365ccc19637057ff2ee250effb230d2b658a,0.1641,0.0563,0.0766
0x1cea3b02f8a0ee6bbc4ad1eab08c2df9f701e614,0.0163,0.0131,0.0098
0x5117168617c6e5a6ae98e37df29ed2d56abd16f8,0.349,0.1733,0.198
0xea59235332913ea6dd33dbe7c58ba066a7c7c5a1,0.1359,0.0616,0.0722
0xa295f002abd032d4d1b03bfcc2d691d17015c52a,0.1885,0.0815,0.0958
0x62e2f894964197a2458d8e8276e43450e9f5b885,0.2347,0.052,0.0926
0xa11b3b4ae4a529c406d61bb8cf9d51cceb3c1e90,0.0629,0.0393,0.0236
0xc060c116b50cdf85432d7aed556a8f21ba66383d,0.0428,0.0244,0.0285
0x94c45a5ff24435a3d178d018cc26bb7c842262f3,0.0139,0.0111,0.0055
0x300b8a54f1898f64398bdb7383a88cc01762ccf4,0.2651,0.012,0.012
0x381636d0e4ed0fa6acf07d8fd821909fb63c0d10,0.2931,0.0747,0.1371
0x381636D0E4eD0fa6aCF07D8fd821909Fb63c0d10,0.2931,0.0739,0.1371
0xa7f57a5da264aa5b784b1dd023887d3b372bac74,0.0885,0.0417,0.0521
0xfc146238df73b3692edcdb47afb8ed63beb33829,0.0139,0.0111,0.0055
0x869446fd4d311fbecb8f1bcea3eca3cfcfaf04a0,0.0904,0.0334,0.0167
0x9f59d5059e40998213c559423f22fc84eae50c53,0.1411,0.0268,0.0487
0xd34b5d4823082502b45ab5997a960c868399954f,0.2754,0.052,0.0686
0xf728b1f95bdc795b537b2d7a1386f4f733677839,0.6756,0.1222,0.2289
0x441ee75085762664b6c4269d0f20414e56cb4a37,0.6084,0.1888,0.249
0x8c368ffb2b64bd5782c8eacc8879cb71929d6b44,0.0749,0.0209,0.0393
0xed373f775ac003ed75623259321018a3036ac601,0.0891,0.0311,0.0467
0x9ab2b6e4bbb8e7d5b2a18842ace18d604157b61e,0.0131,0.0098,0.0065
0x8b3eefa36578ff2a0e481c26bd750ffa30292a6b,0.0139,0.0111,0.0055
0x9f8bd062b5e6319fcfae0280ef7c5e9f814ea755,0.1111,0.0253,0.0505
0x1e73a9526cf711a95a362d44a6db0fee67dc950d,0.0603,0.0452,0.0352
0xdc26f10edd57b64ffec531738539bf8ece64d85f,0.0183,0.0183,0.0137
0x4186582cc7d646b337bd8060c77630eca1db5f94,0.1182,0.0541,0.0541
0x11df6c93c0da942bc33b62fe678e537e20502dae,0.0139,0.0111,0.0055
0xa972836f256533a8f39661d6c061c3211c80cbb0,0.4321,0.1122,0.1405
0x84df26b640239ec5dddade55d53d2279376d10a9,0.3356,0.1535,0.1535
0xc46dc70e1c27c1ac604a9bd1fac2a1f1f43bf4be,0.3252,0.078,0.1255
0x86c4979770c1f965550a811179f0d502e36a39c7,0.2484,0.1,0.1065
0x3bda2886f40e4d4464351c5189693e860b5f0705,0.2838,0.0521,0.1129
0x1374376a0aac0d54b5f19ce0b7ed32be2d03c9cd,0.0884,0.0406,0.0551
0xab88fbc7d2fd40429726d1a74c0e03c99f244bf8,0.4259,0.1312,0.0837
0xa151bc6c9c6309df36f3948773aca078b70629bb,0.0131,0.0098,0.0065
0x9ad54ad041bc53d9045566c6602e1deddc7d1eae,0.1167,0.0371,0.0663
0xe0612535a4238791e4beb4c0782f4e42cbf11a5e,0.0153,0.0057,0.0096
0x65963c9b357198837aab0e878e1b7570c544143a,0.1716,0.0638,0.0681
0x2db358a053fe44cb56519a9effd12ba9cb7b2d9c,0.0553,0.0383,0.0255
0x69aefe5cfc0e506bdd62466477d6cfd24b2b1a26,0.0139,0.0111,0.0055
0x61d10bfda1aa5010795985fd9a49f21fb7570982,0.2175,0.0625,0.0779
0xabe8b36b5cd7bf06921ee9afdea5453a10a8ea1c,1.8827,0.1849,0.3022
0xc4d18fc7d98f204e393a3045ee9073e87c137e8b,0.1763,0.0678,0.0797
0xaf06a05e620747589f6bedae54a745671d517b59,0.0655,0.0223,0.0265
0xc8204ac2411ca0ddeb731536a30c1cf08f1213e7,0.6521,0.2093,0.2786
0x40d2326fba5c1a5ad044b1f2b2e0ca25285922ff,0.12,0.0821,0.0632
0x7689f17560b5ee53799f0b37c975927e1258fbb5,0.9381,0.1489,0.2727
0x57aed0947a0e7936f0988f06dcb634501d6a744f,0.0276,0.023,0.0138
0xb53b0255895c4f9e3a185e484e5b674bccfbc076,1.3894,0.1584,0.3573
0xf3f48c3c687fa837e1447ce0e7b33dbfc2f950c5,0.0836,0.0474,0.039
0x5c19264c57e6198759257e09012e76360a9fabe3,0.014,0.014,0.0093
0x5c19264C57e6198759257E09012E76360A9FAbE3,0.014,0.014,0.0093
0x562c8bb06b460325151602f30fcc1c7b23b53a25,0.0138,0.011,0.0055
0x29ac45ae521d7aa42ff8072070d915e9fdb8d908,0.0131,0.0098,0.0065
0x7d67a90d201bfa021ba384196c507f9845cd757d,0.2033,0.0691,0.0854
0x35b238624545bd1ab8a149510c2a511931c7d511,0.0138,0.011,0.0055
0x0fc43aac971813d095e83f9bccb1deb25f93a4fd,0.0458,0.0211,0.0176
0x857431f8fa754052585a37082585733550cd2e24,0.0302,0.0302,0.0151
0xa92b01aa4cb4447d80b1e7a75d7157c91196d372,0.1001,0.0419,0.0493
0x91085bb41b042e6d44095f6e8fe36984536add81,3.5902,0.319,0.6103
0xe6013c2854ac35090b5972040f6fbfd425b0119c,0.3218,0.1228,0.0588
0x59fb9943470cdf3ce0842c2087df2500fc43fde2,0.0405,0.0255,0.03
0x5842732ec46d9c327e66203e36381006e7670074,0.0241,0.0241,0.012
0x16ee5ec6e3141545b5bc179a8ddfe4eb2ba3e968,0.0138,0.011,0.0083
0x2d8e211913247a0ec5454137e7a6ed18ed727a2f,0.2667,0.0678,0.0929
0x5e05f0fd512e52e595baaa607d3debc10b213952,0.3988,0.1687,0.1845
0x513173bd0106e72c883838846bd2a68883f06a57,0.4343,0.1673,0.1873
0xb5ee030c71e76c3e03b2a8d425dbb9b395037c82,0.1593,0.0288,0.0461
0x7abb806423ca96b205beab372090afa48e31e826,0.1939,0.0544,0.0816
0xf6c58fc937b9a9e99970100c5ed81f5a1819a6e6,0.0138,0.011,0.0083
0x42eb1b1d2c9a3a48bfc23900531dd64fd81c6f4a,0.0205,0.0051,0.0085
0xbe7214f22f666c62560d92ab1ed20bc7083f90bf,0.0415,0.0323,0.023
0xb099b7545fa50635c867a80880835c0aed90d6da,0.0456,0.0351,0.0246
0xd1385df38d2660f34ef200414162e4418920b26a,0.0138,0.011,0.0083
0xb4db8521b84f810e79cc7ed034bb4dc91e7b734d,0.2511,0.0583,0.0897
0x91af49c2eba7197d1ecfd54a74cdc9f7e94a3a23,0.1355,0.0705,0.0867
0xcb3f77d06ca7c617161abf6d18c92448d25242c0,0.0166,0.0138,0.011
0x95e17ee1ff7ad3d66b260a21b335ea6cf2ce38af,0.0591,0.0394,0.0443
0x68185d797a08a7563de042a7567c3c314d3cb485,0.0763,0.0189,0.0275
0x8d549dfa7ea7aba384ec2b98f293e3d3c784bdf9,0.5408,0.1375,0.1958
0xbba1aea76a7ccfe61d00e3d2be20daff6d90e04d,0.0101,0.0101,0.0076
0xca05ccfefff373d45207470c7aed4d6083502bb9,0.4094,0.0531,0.1582
0x68ae4390aabcdd7d008a0ce88f0517f59d4a1316,0.0242,0.0161,0.0161
0x13e8b06111f9a61f0016407e078622f9f935e33e,0.0801,0.0104,0.0148
0x3ffd18966749873d757849a0d8bd667d41b4e1aa,0.0166,0.0138,0.011
0x837049591b24620c62a45437b3862b66fe1889e4,0.0413,0.0261,0.0283
0x2341cfe35e727624f8bf9dbf7b2e962e63616cf5,0.0147,0.0092,0.0074
0x0b7dfc1b3be3d86e9819758046cf20e79c5c487d,0.025,0.025,0.0083
0x5f811db8a732854038be4e28173dca0eda34562f,0.0302,0.0302,0.0151
0x5b886e4cb2dc7b01a236e99120449c9195e00840,0.0392,0.0392,0.0196
0x85fae604bbe3c5d5b441d39ae95e4708fab902f0,0.128,0.0405,0.0621
0x450ea1c43a5f24e7dd91254cd7c9a3170dcad6fb,0.408,0.1076,0.1733
0x9d3ea9e9adde71141f4534db3b9b80df3d03ee5f,0.4297,0.1248,0.1683
0x25be5197222459ff188e8658ae1e685ca033125a,0.0254,0.0102,0.0178
0xfb203c2e544d1d2d889900883b4bd538bc914357,1.3908,0.2931,0.5187
0x881fe8f22a9c772bca70b4770e5ff07a10beb354,0.0609,0.0287,0.0155
0xee6b77ae75831d3696c2f91285614ec7e492fb97,0.171,0.0544,0.0725
0xdceeaa70c8f58c4b9e380c6a0e4bd251c8b8bab3,0.0534,0.0276,0.0331
0xd979d4150c9edf10b7498f77b0aea0ec4249965c,0.0138,0.011,0.0083
0x3b4c3ea659c6755a129323555ce38f9d71a93bd3,0.1897,0.0647,0.0733
0xd0c48f5a3459ac7c2c46a0b6009fd2f735724bb5,0.0536,0.0151,0.0268
0x844d334dcf689e53cebc69ad5991894e64c22067,0.1565,0.0863,0.0703
0xc04e81406e5e7510a0986b2d9927ec3a7c92004b,0.2887,0.0704,0.0775
0x21f53db4d2eacde70a2e4f0407d073c971ec1a33,0.0841,0.0163,0.0584
0x4872a7c0cae3ba97936c12457a11476a2ed7008c,0.6144,0.0936,0.1872
0xe8978529d74554cbf812a96ff295a8d36fcdc89f,0.0138,0.011,0.0083
0xdbf84cb641e4b5a7878e8dfb3a081df70ae1f7f9,0.1636,0.0909,0.1
0xfa02586a789bec64f098f2f6e31023c287d47c2f,0.1206,0.032,0.0465
0x70d5808d656a505a66e77c6e7178e44a305f0f8e,0.0532,0.0249,0.0215
0xb8b4968395a3381173c3d7758c85f17979e5fd5a,0.1594,0.0543,0.059
0x4de429b35c2fe111f9c0d18d3ce30df1be719d41,0.121,0.0806,0.0323
0x3ae83edcf66a9c4ea3f15bf8fdd5f2b6367a059a,0.0161,0.0161,0.0081
0x1c5b48d4a2c7cb1caf6f020abc78aa889b8046d1,0.234,0.1011,0.0904
0x7f82769c7850562154c95d82935b2d27ce0c8914,0.0521,0.0284,0.0284
0xf718862a7823da2d3c5d0a6f2da447ea81a9a0a0,0.0138,0.011,0.0083
0x50cfc00594c4e2833771bf321b9b99b3777526e6,0.0763,0.0187,0.0357
0x4e71dc755b2f1ee69968c6013bdd69055bfe79ce,0.1397,0.0437,0.0741
0xa82bcd1ba56b4bb0f46bc29da53413c73be27509,0.2171,0.0284,0.115
0x8c57d1fab10d4b78f49ef5c6abaeb76a63710f61,0.4995,0.1888,0.1877
0x0b83821bb8b9d19582af26122556be7408313140,0.5119,0.0656,0.1827
0x1529dbab3f67e072b5f2285033bc6a6f94c9bd2e,0.5392,0.0545,0.1112
0xb91c2bdfd31c59bbe2916158cdc8cbf5db365b3a,0.0138,0.011,0.0083
0x44571d865d879ba75d8eabb4a08c01cc3fc36d3f,0.7967,0.1758,0.2473
0x54d300274a5f524aef06ed81aa8ed360b2555663,0.0955,0.0854,0.0653
0x31527da430049c4952a76f02e2bdeb71639dfe6b,0.6717,0.1274,0.2327
0xf318ab6017d9cbafff97a5a9abbeb7196b7f8306,0.0161,0.0161,0.0081
0x922de505dc768149a21118098eda652774f4ba34,0.2155,0.0468,0.0787
0x2a2ee26a613834dce7bc89109fbbc83d25e4a532,0.122,0.0415,0.039
0xd99476c509706c1ea814f6d6a7c3050ced14c9be,0.6208,0.0923,0.2131
0xb53cfe2b6dc10ed6e2b2c87b2f15bae10e7b2697,0.0138,0.011,0.0083
0xfbee76fc55074a2f0eecd62183ae8b9e0c9fedd7,0.0973,0.0391,0.0463
0x8f5906963ae276e1631efa8ff1a9cae6499ec5e3,0.3305,0.0819,0.1205
0x8951deecf8731aa1d61e42183425fcc609cb9123,0.1828,0.0753,0.0681
0x54f7b4e55ec6c44e752806fe097aeb62ba631763,0.2684,0.1066,0.1176
0x22de0ff8b86cb528af5e46fcd14ec6927a476726,0.0161,0.0161,0.0081
0x4853d3c082220f37e04fc3fa4a1958a9b8fbf85c,0.0948,0.0408,0.0437
0x6ac8b482b0c506a1f5e057abb3226616f43aacc5,0.0302,0.0302,0.0151
0x300117c369a7d1b32413a255723ef0cb5c5f95c7,0.026,0.0167,0.0112
0x4ff074c25ea7a9c2814c5c0d02bf8927a27cede7,0.3333,0.0933,0.1067
0x09314cecb3e9ea0037c65605a33b449dc0c352e1,0.0472,0.0227,0.0175
0x334173a9422867e5f35414777ddc1a5a3fcd057e,0.0956,0.0478,0.0319
0x3eb7cd09babb8c2236dd3663563467b4ba6f8b9c,0.1222,0.0501,0.0601
0x1a1c37c145a1eab58c43f003ebb55c18083b5987,1.0148,0.096,0.2024
0x22234765449101196fe15f3326e482d52496f765,0.0241,0.0241,0.012
0xf7b7669f80d5da42a5fd0bf211fce8b77c0523cf,0.0386,0.0168,0.0185
0x8c597ffe7e77e037e32c9d00993efd3b2da81c40,0.0521,0.022,0.0281
0xf787104304535603af9d44e0f4d5509a92f244de,0.0138,0.011,0.0083
0xc3207fd7a7d4188eed57a89eacb93c59e2b84083,0.1142,0.0358,0.0577
0xce4ec088caff86835cb0273e9f82aca36c452d07,0.0984,0.0299,0.0387
0xf43771688535ce6fcf22c221ff6d8cfeab2cda5d,0.0138,0.011,0.0083
0xf9fc7c85de39f5b36f99a9ef5385d3267584ac06,0.259,0.038,0.0828
0x88baed3bd494cb8b9ddf8060882a4c64816f7ab8,0.0138,0.011,0.0083
0x9945d1bc6e7be48dab1ddf866ffffe4a94c3e015,0.6622,0.2432,0.2342
0x5357dcc9bd97173578ee097017e85f4d637def79,0.1364,0.0727,0.0909
0xbf65d2af44cffae3cc308c4a18c5902039824cbb,0.0138,0.011,0.0083
0xa8f96f0fdc54301c55d8df00fcd5139b29bf3458,0.5827,0.036,0.2086
0xca447e159712c385aaa98547cf59d19ec204af4f,0.0756,0.04,0.0356
0x069e9cc13f738e4ae4c4549f4b8ae24394da607b,0.0975,0.0508,0.053
0x2a06913d5b8748b222e1236768c24ca19198b374,2.0124,0.4215,0.4256
0x50cb26a76c60a20e29e560ecd35a2c4cea59fb65,0.2277,0.0915,0.0957
0xcc968c49b1865c414972d57008742e7b87990075,0.3237,0.1203,0.1452
0x3a83f99ecd2f21ff27ff6980453aed33cfa453ed,0.0138,0.011,0.0083
0x40785dc5b775d91c09855765e41ede2e5cf909ea,0.1825,0.0984,0.0716
0xd051f58458bb9bdbd3949198d434172fd7574f67,0.1258,0.0732,0.0796
0xfc7dd1b3ea8ee44902ba9706cabd6b1df0982c1a,0.0138,0.011,0.0083
0xb7395344f96b2338e9441d816322ef8f145ddd1a,0.0302,0.0302,0.0151
0x3b8a0c98d3883880d77a500508eb6741a8c3e136,0.0869,0.0384,0.0283
0x0dfedac6b3105c31844d8f733f2d374eff55f4d3,0.0161,0.0138,0.0069
0x3713ec1dc18a89f8d95ea7a2924fe12a7872fdee,0.1779,0.0469,0.0765
0x027bb586abd9696f866ae4ba959cff6d93f4df7c,0.045,0.0225,0.036
0x51ff3f534387fde951c083e5d4ba0620a4b41b0a,0.0556,0.0317,0.0317
0xa07d6e124d41eee365ff9f579689fc5a152b59ea,0.0138,0.011,0.0083
0x6642d63b48e050554c46bb3369ba83a6e42aadb0,0.0562,0.0263,0.0155
0x3a497a2a8b35b934bf271938502ca24e444e689e,0.2652,0.0587,0.0967
0x5765c5e5be0a2094b91daa2d7f8742bdb5ee973f,0.0138,0.011,0.0083
0x511c8e2126a86deed037cfb031751b2c099d67b3,0.8684,0.1457,0.2808
0x157f2db7930784211dc603f1d2792aecd224f618,0.0392,0.0392,0.0196
0xd061777f49c08eb2afd554038073824a86ab7521,0.0415,0.0276,0.023
0xee47b3d863d8945ceed01ca4b613a2f1e43066ec,0.0161,0.0161,0.0081
0x53314910f91d0fd597c0db4fd8737de7ba963ed5,0.5586,0.1991,0.2191
0x4dfa27683c1bc9fa588d6a4be4cf1331afc62ec5,0.3257,0.0429,0.0829
0xec1536c69fc9d0b64a6a3d19edfbd75bfb7da7c5,0.0422,0.0343,0.0185
0x2732f76f5154080c2f8ad3b029443ce49931cd87,0.1941,0.1034,0.1055
0x38e4f745d85077976aab2b7d0c3da101024165b8,0.7598,0.1257,0.2529
0xed70e3946f4d53b312a1f35535b75db9f4bc8657,0.0249,0.0098,0.0157
0xe437c83a948d27704e961fb0f5cc16663bbb0653,0.0444,0.0311,0.0311
0x50825e27650f54361219424876152ebe155e5b6a,0.3211,0.1504,0.1301
0x490ee9a3dfe5fa4c65a4a65b3fe178a3c12398a6,0.3598,0.1296,0.1931
0xbbe4dc9474595fb330a577593937df6679f4baa3,0.0081,0.0081,0.0081
0x4669416015a1a79280765f3d1366b1e5fec524ba,1.1064,0.2324,0.3568
0x18a5991c6c1c300c7b6c23db983f367203b68f4b,1.7651,0.2128,0.4302
0x1fb457e39cab76424060046e94bef858451a7981,0.2778,0.127,0.1508
0x64e5f1e0acabf2605bd7083e0e5c49c269785382,0.5403,0.3145,0.129
0x02495d034b0e9d669d309c11d0d5d9281fbfd981,0.1377,0.0567,0.0344
0xd4d35eb5172f641730f605eee69340700ff3cb14,0.1307,0.0341,0.0416
0x9fe26e74ed5f6cc4248e31a51577b496d7a077c9,0.715,0.1685,0.2
0x902651c94f843abe41b029180c299562f7b1abca,0.0659,0.033,0.0385
0xc62c4be3a8b4c505e25550a5f62e18f873dd855c,0.0138,0.011,0.0083
0xb381321131cb4c4f8ae80eafee7da4250ae7ecf6,0.1628,0.0698,0.0465
0xfed11f8c066ab26d3cac5c8eddb9808082593199,0.0377,0.0189,0.0296
0x05acb16a4aa65ea299d8b2dad0a5f37cd4b09a73,0.5023,0.0912,0.2025
0x2214ca234ae9d6efdba8812387256950e5d23e5f,0.1591,0.0864,0.0955
0xf5a6e01a681aac715653fb64c7a3d6113768d816,0.1543,0.0372,0.0753
0x47a103afd3dbf667ea55c1c61727abb41ccba4a7,0.0302,0.0302,0.0151
0x34afff30b5c10f28f730b73b0c87217600ffa6e5,0.3083,0.1358,0.1376
0x691a55312f0bcac696558f4bd0d4d12364a03a21,0.0788,0.0485,0.0606
0x7208de4bd55e04e84b37c7b798f33abb7667f1b3,0.5565,0.129,0.1532
0x4650d0c9e3148a8f66af374820aa2eca0a47dad4,1.5413,0.1881,0.3386
0xe8c616c10ca0b266b34e7a26617de9aa7b43f662,0.2337,0.0854,0.0899
0xe62d071ea99a63798fec7222c483c53e87f2a32e,0.5641,0.1678,0.2533
0x8e9d93480ae6e08eb7f2d36d326716c9314dad40,0.2452,0.0802,0.0892
0xde3ba1b41e6c612a3ca3213b84bdaf598dffdb9b,1.81,0.2343,0.4409
0xcbb82d22b1624761b62bd807b01b7d491da8b4f5,6.5455,0.9903,0.7544
0xc377e95db09758740ec959959f0982d62a61e48d,0.0043,0.0025,0.0025
0xf99025430a559608c94b14e39e0abb7a0ddff412,0.6852,0.2546,0.2315
0xce706a016bc2a82d0fec448aee17575bda7a7dfd,0.084,0.0387,0.0521
0x6f399d89b256a740324c0e2e5482a8ef8800f39a,0.0242,0.0161,0.0081
0x21f10d0c55b6748bc3baa56982eda18bc7bc4648,0.025,0.005,0.0125
0xe2f74e49732cb561c9b1df6023d8911b571614c7,0.0544,0.0423,0.0363
0xf5717375e66cb7a9c8ade09633db2f405ec6933f,0.0782,0.037,0.037
0xaf4fad23b7710cd73a57df9fa554cdc67b241372,0.6466,0.2629,0.1853
0xa2956ebb4f58cb3c856d4e5d1fdfd04d6a025288,0.3043,0.0516,0.0658
0xb017607d5083aa0396c9a9273839b62f5bac517f,0.0851,0.0412,0.0464
0x345ab555bc92f046a0e20b2b5db884658e2824ea,0.033,0.0252,0.0189
0x782a59e14350b943656f98dd41b32813d5e15695,0.0323,0.0323,0.0161
0x75e617ace2e1025b2651d9902df9c94df4457a2a,0.3366,0.1179,0.1321
0x1c3a9b9070d86d54e22a99334eac90a30e7cfd36,0.0242,0.0242,0.0161
0xb0df0d377bde5639006c88ea2e8af378e5bd0682,0.0451,0.0246,0.0164
0xff3f2414952f3a2bc7abb2a4dce7635505e8dd18,0.0242,0.0161,0.0081
0x4b9c306cc94a0a420e4c018d946a0d22370eb46a,0.3548,0.1613,0.121
0xf3d6ee218f83bb939eb985674ccb1fd366a037a5,0.0836,0.0323,0.0167
0x6c82d751fee031c729c663a8b6f8d6d700caaf56,0.6023,0.0563,0.1517
0xe357cdc01be4d76d757d35853e3bc3cbddf7ef96,0.0199,0.0133,0.0111
0x95557ef19f81632226bd33451dd19e00aaa62c51,0.585,0.0593,0.2071
0x9d387298cf5a57437c4a5c73a8ea651d911a24da,0.3566,0.0881,0.0922
0x43cc7a7800c2eeea6b1dd0e6f4e3b934584dadc8,0.0138,0.011,0.0083
0xbe7460b0994b9cbba9d577bd6a5fcdec5fef062c,0.0189,0.0126,0.0126
0xf5be6df48ebc9c10666e482ac3ca20dae7c8af3c,0.2045,0.0631,0.0884
0xc8d92326bd4dd3bb1d4eae8355fca6833d64ea80,0.0815,0.0152,0.0174
0x3a189c4ce0811d6a32111d27f74c1e686f604ffe,0.0333,0.0267,0.02
0xd73f607911967e716e9c275e71831d90c22e9bc2,0.0898,0.0444,0.0416
0xe6bd578dc88b5b867f2b8e0bd91f9cc120f8a07f,0.1545,0.0795,0.0591
0x15b9d536fce0cf035eba905a3177be355f88ba96,0.0138,0.011,0.0083
0x93f2316f54bf1d962f007f23c382717ebc4d1762,0.2775,0.0672,0.0988
0xeed4b9a3b478c554c8c9f14df47df42bf212e747,0.2131,0.0378,0.0745
0x95b929941e5581a7d65dba4d319279c5c693bd15,0.5091,0.1153,0.2321
0xa64213e772d1029050be2e9df657f35ab4e601f8,0.1459,0.0865,0.0595
0xe49a4786f18aba700a3c6fb17affa639c104c8e0,0.2698,0.0606,0.1082
0xd57c65a78e119e3ffb1a8063dec938a50bad9dbf,0.0138,0.011,0.0083
0x2baf19705dfb022f14c1ed226fd3de53db1532ab,0.1044,0.0385,0.044
0x309653898f15280acfaf0298ab60557e25928a2b,0.175,0.0306,0.025
0x440f96d9eb9b836f23e90c857d146376a3d0a9fd,0.0161,0.0161,0.0081
